,Population2010,MHLTH_AdjPrev,Latitude,Longitude,E_GR_AV14,E_GR_AT14,SDG_A2G14,SDG_OS15MX,P15,B15,BUCAP15,GDP15_SM,E_WR_T_14,State,INCM_CMI,DEV_CMI,E_BM_NM_LST,Cities in Urban Center_copy
0,212237,15.6,33.50902518,-86.82365065,0.494568432,219.99623,0.773811615,74.85,196387.767,152.8946075,778.5342735,6184143360.0,17.49764442,AL,HIC,MDR,Temperate Broadleaf and Mixed Forests,Birmingham; 
1,180105,13.4,34.72606498,-86.60999497,0.521521752,88.70099915,0.802598906,66.37,86467.06209,59.6740036,690.1356674,2498489088.0,16.32188892,AL,HIC,MDR,Temperate Broadleaf and Mixed Forests,Huntsville
2,195111,15.0,30.69237653,-88.0936849,0.467514529,122.6692979,0.822213056,63.32,118578.6789,71.29800415,601.2717027,4072112128.0,20.3120265,AL,HIC,MDR,Temperate Coniferous Forests,Mobile
3,205764,14.8,32.36013413,-86.24918667,0.512806645,153.9864418,0.747150746,75.47,143898.0402,92.23524475,640.9763791,4288398592.0,18.80465984,AL,HIC,MDR,Temperate Broadleaf and Mixed Forests,Montgomery
4,90468,15.5,33.19956413,-87.55356694,0.439016345,44.50697424,0.411680849,41.24,57182.06445,26.43917465,462.3683126,1541527168.0,17.96347189,AL,HIC,MDR,Temperate Broadleaf and Mixed Forests,Tuscaloosa
5,291826,10.6,61.19923392,-149.8314747,0.421972078,60.10235982,0.352425518,73.5,123089.786,15.89847183,129.1615849,2444179968.0,2.990822196,AK,HIC,MDR,Boreal Forests/Taiga,Anchorage
6,236123,10.2,33.47756006,-112.0005369,0.251292059,2299.395739,0.017055302,27.31,3611577.485,1674.677002,463.696822,115708000000.0,22.37896347,AZ,HIC,MDR,Deserts and Xeric Shrublands,Phoenix; Glendale; Scottsdale; Gilbert; Peoria; Tempe; Surprise; Mesa; Chandler
7,208453,9.7,33.47756006,-112.0005369,0.251292059,2299.395739,0.017055302,27.31,3611577.485,1674.677002,463.696822,115708000000.0,22.37896347,AZ,HIC,MDR,Deserts and Xeric Shrublands,Phoenix; Glendale; Scottsdale; Gilbert; Peoria; Tempe; Surprise; Mesa; Chandler
8,226721,13.0,33.47756006,-112.0005369,0.251292059,2299.395739,0.017055302,27.31,3611577.485,1674.677002,463.696822,115708000000.0,22.37896347,AZ,HIC,MDR,Deserts and Xeric Shrublands,Phoenix; Glendale; Scottsdale; Gilbert; Peoria; Tempe; Surprise; Mesa; Chandler
9,439041,12.3,33.47756006,-112.0005369,0.251292059,2299.395739,0.017055302,27.31,3611577.485,1674.677002,463.696822,115708000000.0,22.37896347,AZ,HIC,MDR,Deserts and Xeric Shrublands,Phoenix; Glendale; Scottsdale; Gilbert; Peoria; Tempe; Surprise; Mesa; Chandler
10,154065,11.0,33.47756006,-112.0005369,0.251292059,2299.395739,0.017055302,27.31,3611577.485,1674.677002,463.696822,115708000000.0,22.37896347,AZ,HIC,MDR,Deserts and Xeric Shrublands,Phoenix; Glendale; Scottsdale; Gilbert; Peoria; Tempe; Surprise; Mesa; Chandler
11,1445632,13.0,33.47756006,-112.0005369,0.251292059,2299.395739,0.017055302,27.31,3611577.485,1674.677002,463.696822,115708000000.0,22.37896347,AZ,HIC,MDR,Deserts and Xeric Shrublands,Phoenix; Glendale; Scottsdale; Gilbert; Peoria; Tempe; Surprise; Mesa; Chandler
12,217385,9.4,33.47756006,-112.0005369,0.251292059,2299.395739,0.017055302,27.31,3611577.485,1674.677002,463.696822,115708000000.0,22.37896347,AZ,HIC,MDR,Deserts and Xeric Shrublands,Phoenix; Glendale; Scottsdale; Gilbert; Peoria; Tempe; Surprise; Mesa; Chandler
13,117517,11.2,33.47756006,-112.0005369,0.251292059,2299.395739,0.017055302,27.31,3611577.485,1674.677002,463.696822,115708000000.0,22.37896347,AZ,HIC,MDR,Deserts and Xeric Shrublands,Phoenix; Glendale; Scottsdale; Gilbert; Peoria; Tempe; Surprise; Mesa; Chandler
14,161719,11.2,33.47756006,-112.0005369,0.251292059,2299.395739,0.017055302,27.31,3611577.485,1674.677002,463.696822,115708000000.0,22.37896347,AZ,HIC,MDR,Deserts and Xeric Shrublands,Phoenix; Glendale; Scottsdale; Gilbert; Peoria; Tempe; Surprise; Mesa; Chandler
15,520116,13.4,32.24353876,-110.9313916,0.196484868,405.3907534,0.002721511,28.91,588176.3438,289.3482056,491.9412497,18627194880.0,19.76563072,AZ,HIC,MDR,Deserts and Xeric Shrublands,Tucson
16,93064,13.5,32.69350494,-114.6386481,0.234351156,38.87017182,0.026496947,28.54,78222.81824,27.8704052,356.2950789,2377457664.0,24.4643693,AZ,HIC,MDR,Deserts and Xeric Shrublands,Yuma
17,86209,15.4,35.35886988,-94.3958584,0.530395528,84.86956402,0.843971063,75.54,75871.47508,57.70063019,760.5049214,1973286400.0,16.76185107,AR,HIC,MDR,Temperate Broadleaf and Mixed Forests,Fort Smith
18,193524,12.8,34.76081877,-92.29771158,0.490544445,142.5356377,0.750786376,58.64,141633.9817,84.05821228,593.4890148,4261020160.0,17.55935574,AR,HIC,MDR,Temperate Broadleaf and Mixed Forests,Little Rock
19,69797,14.9,36.18295125,-94.14653663,0.516171448,52.56161804,0.686166305,66.88,61738.2986,33.76003265,546.8247979,1494612096.0,15.47655344,AR,HIC,MDR,Temperate Broadleaf and Mixed Forests,Springdale
20,73812,9.5,37.32711544,-121.9332989,0.306727058,1713.386499,0.042396863,23.88,4604961.31,1307.057861,283.8368823,176059000000.0,15.53486609,CA,HIC,MDR,"Mediterranean Forests, Woodlands, and Scrub",San Jose; San Francisco; Oakland; Fremont; Sunnyvale; Hayward; Berkeley; Santa Clara; San Mateo; Richmond; Mountain View; Redwood City; Alameda; Palo Alto
21,336265,12.4,33.95381355,-117.9539253,0.293597406,5618.920221,0.019451497,17.76,14281719.8,4632.77002,324.3846039,564483000000.0,17.60802174,CA,HIC,MDR,"Mediterranean Forests, Woodlands, and Scrub",Los Angeles; Long Beach; Anaheim; Santa Ana; Riverside; Irvine; Glendale; San Bernardino; Fontana; Huntington Beach; Ontario; Garden Grove; Rancho Cucamonga; Pomona; Corona; Torrance; Pasadena; Fullerton; Orange; Inglewood; Downey; El Monte; Costa Mesa; N
22,102372,12.8,37.98543292,-121.7975158,0.335976406,165.4711033,0.050245352,37.23,268055.6356,104.2041779,388.7408583,9873784832.0,15.12280512,CA,HIC,MDR,"Temperate Grasslands, Savannas, and Shrublands",Antioch
23,347483,13.4,35.36381044,-119.0475354,0.289594951,305.5867428,0.015539128,23.25,533318.4537,234.8613434,440.3773051,19165773824.0,19.10495472,CA,HIC,MDR,"Temperate Grasslands, Savannas, and Shrublands",Bakersfield
24,112580,9.8,37.32711544,-121.9332989,0.306727058,1713.386499,0.042396863,23.88,4604961.31,1307.057861,283.8368823,176059000000.0,15.53486609,CA,HIC,MDR,"Mediterranean Forests, Woodlands, and Scrub",San Jose; San Francisco; Oakland; Fremont; Sunnyvale; Hayward; Berkeley; Santa Clara; San Mateo; Richmond; Mountain View; Redwood City; Alameda; Palo Alto
25,86187,13.0,39.7456477,-121.8371626,0.459474909,48.26550255,0.359383816,41.81,85126.8354,37.02557755,434.9460117,2754275072.0,16.17119193,CA,HIC,MDR,"Temperate Grasslands, Savannas, and Shrublands",Chico
26,243916,11.3,32.82158244,-117.1106947,0.272433307,1770.677568,0.00713453,34.67,4437234.748,1160.308838,261.4936788,134122000000.0,18.3498106,CA,HIC,MDR,"Mediterranean Forests, Woodlands, and Scrub",Tijuana; San Diego; Chula Vista; Oceanside; Escondido; El Cajon; Vista; Poway
27,122067,11.8,37.91394614,-122.0483181,0.394053769,410.9104428,0.147159756,32.26,661553.5774,279.0698853,421.8401877,23064424448.0,15.53486609,CA,HIC,MDR,"Mediterranean Forests, Woodlands, and Scrub",Concord; Vallejo
28,152374,11.7,33.95381355,-117.9539253,0.293597406,5618.920221,0.019451497,17.76,14281719.8,4632.77002,324.3846039,564483000000.0,17.60802174,CA,HIC,MDR,"Mediterranean Forests, Woodlands, and Scrub",Los Angeles; Long Beach; Anaheim; Santa Ana; Riverside; Irvine; Glendale; San Bernardino; Fontana; Huntington Beach; Ontario; Garden Grove; Rancho Cucamonga; Pomona; Corona; Torrance; Pasadena; Fullerton; Orange; Inglewood; Downey; El Monte; Costa Mesa; N
29,109960,11.8,33.95381355,-117.9539253,0.293597406,5618.920221,0.019451497,17.76,14281719.8,4632.77002,324.3846039,564483000000.0,17.60802174,CA,HIC,MDR,"Mediterranean Forests, Woodlands, and Scrub",Los Angeles; Long Beach; Anaheim; Santa Ana; Riverside; Irvine; Glendale; San Bernardino; Fontana; Huntington Beach; Ontario; Garden Grove; Rancho Cucamonga; Pomona; Corona; Torrance; Pasadena; Fullerton; Orange; Inglewood; Downey; El Monte; Costa Mesa; N
30,111772,12.1,33.95381355,-117.9539253,0.293597406,5618.920221,0.019451497,17.76,14281719.8,4632.77002,324.3846039,564483000000.0,17.60802174,CA,HIC,MDR,"Mediterranean Forests, Woodlands, and Scrub",Los Angeles; Long Beach; Anaheim; Santa Ana; Riverside; Irvine; Glendale; San Bernardino; Fontana; Huntington Beach; Ontario; Garden Grove; Rancho Cucamonga; Pomona; Corona; Torrance; Pasadena; Fullerton; Orange; Inglewood; Downey; El Monte; Costa Mesa; N
31,99478,14.4,32.82158244,-117.1106947,0.272433307,1770.677568,0.00713453,34.67,4437234.748,1160.308838,261.4936788,134122000000.0,18.3498106,CA,HIC,MDR,"Mediterranean Forests, Woodlands, and Scrub",Tijuana; San Diego; Chula Vista; Oceanside; Escondido; El Cajon; Vista; Poway
32,113475,14.2,33.95381355,-117.9539253,0.293597406,5618.920221,0.019451497,17.76,14281719.8,4632.77002,324.3846039,564483000000.0,17.60802174,CA,HIC,MDR,"Mediterranean Forests, Woodlands, and Scrub",Los Angeles; Long Beach; Anaheim; Santa Ana; Riverside; Irvine; Glendale; San Bernardino; Fontana; Huntington Beach; Ontario; Garden Grove; Rancho Cucamonga; Pomona; Corona; Torrance; Pasadena; Fullerton; Orange; Inglewood; Downey; El Monte; Costa Mesa; N
33,143911,13.5,32.82158244,-117.1106947,0.272433307,1770.677568,0.00713453,34.67,4437234.748,1160.308838,261.4936788,134122000000.0,18.3498106,CA,HIC,MDR,"Mediterranean Forests, Woodlands, and Scrub",Tijuana; San Diego; Chula Vista; Oceanside; Escondido; El Cajon; Vista; Poway
34,105321,12.1,38.2640129,-122.0302527,0.386309122,40.23216341,0.098732052,20.8,93335.49432,31.67541504,339.3715892,3157856768.0,15.37228203,CA,HIC,MDR,"Temperate Grasslands, Savannas, and Shrublands",Fairfield
35,196069,13.1,33.95381355,-117.9539253,0.293597406,5618.920221,0.019451497,17.76,14281719.8,4632.77002,324.3846039,564483000000.0,17.60802174,CA,HIC,MDR,"Mediterranean Forests, Woodlands, and Scrub",Los Angeles; Long Beach; Anaheim; Santa Ana; Riverside; Irvine; Glendale; San Bernardino; Fontana; Huntington Beach; Ontario; Garden Grove; Rancho Cucamonga; Pomona; Corona; Torrance; Pasadena; Fullerton; Orange; Inglewood; Downey; El Monte; Costa Mesa; N
36,214089,8.2,37.32711544,-121.9332989,0.306727058,1713.386499,0.042396863,23.88,4604961.31,1307.057861,283.8368823,176059000000.0,15.53486609,CA,HIC,MDR,"Mediterranean Forests, Woodlands, and Scrub",San Jose; San Francisco; Oakland; Fremont; Sunnyvale; Hayward; Berkeley; Santa Clara; San Mateo; Richmond; Mountain View; Redwood City; Alameda; Palo Alto
37,494665,14.5,36.78757662,-119.7705095,0.332995169,346.2054699,0.021588879,18.84,652855.9733,280.8179626,430.1376936,24535183360.0,18.90532923,CA,HIC,MDR,"Temperate Grasslands, Savannas, and Shrublands",Fresno
38,135161,11.1,33.95381355,-117.9539253,0.293597406,5618.920221,0.019451497,17.76,14281719.8,4632.77002,324.3846039,564483000000.0,17.60802174,CA,HIC,MDR,"Mediterranean Forests, Woodlands, and Scrub",Los Angeles; Long Beach; Anaheim; Santa Ana; Riverside; Irvine; Glendale; San Bernardino; Fontana; Huntington Beach; Ontario; Garden Grove; Rancho Cucamonga; Pomona; Corona; Torrance; Pasadena; Fullerton; Orange; Inglewood; Downey; El Monte; Costa Mesa; N
39,170883,12.0,33.95381355,-117.9539253,0.293597406,5618.920221,0.019451497,17.76,14281719.8,4632.77002,324.3846039,564483000000.0,17.60802174,CA,HIC,MDR,"Mediterranean Forests, Woodlands, and Scrub",Los Angeles; Long Beach; Anaheim; Santa Ana; Riverside; Irvine; Glendale; San Bernardino; Fontana; Huntington Beach; Ontario; Garden Grove; Rancho Cucamonga; Pomona; Corona; Torrance; Pasadena; Fullerton; Orange; Inglewood; Downey; El Monte; Costa Mesa; N
40,191719,12.1,33.95381355,-117.9539253,0.293597406,5618.920221,0.019451497,17.76,14281719.8,4632.77002,324.3846039,564483000000.0,17.60802174,CA,HIC,MDR,"Mediterranean Forests, Woodlands, and Scrub",Los Angeles; Long Beach; Anaheim; Santa Ana; Riverside; Irvine; Glendale; San Bernardino; Fontana; Huntington Beach; Ontario; Garden Grove; Rancho Cucamonga; Pomona; Corona; Torrance; Pasadena; Fullerton; Orange; Inglewood; Downey; El Monte; Costa Mesa; N
41,144186,11.6,37.32711544,-121.9332989,0.306727058,1713.386499,0.042396863,23.88,4604961.31,1307.057861,283.8368823,176059000000.0,15.53486609,CA,HIC,MDR,"Mediterranean Forests, Woodlands, and Scrub",San Jose; San Francisco; Oakland; Fremont; Sunnyvale; Hayward; Berkeley; Santa Clara; San Mateo; Richmond; Mountain View; Redwood City; Alameda; Palo Alto
42,78657,15.5,33.75498127,-116.9619559,0.270224348,76.90468856,0.010360665,35.19,155147.2377,49.90004349,321.6302412,5517732352.0,14.57306814,CA,HIC,MDR,"Mediterranean Forests, Woodlands, and Scrub",Hemet; San Jacinto
43,90173,14.8,34.47192121,-117.3479744,0.184925337,41.73291699,0.002741784,38.1,65263.50793,26.00123978,398.4039565,1865222528.0,14.81475878,CA,HIC,MDR,Deserts and Xeric Shrublands,Hesperia
44,189992,10.6,33.95381355,-117.9539253,0.293597406,5618.920221,0.019451497,17.76,14281719.8,4632.77002,324.3846039,564483000000.0,17.60802174,CA,HIC,MDR,"Mediterranean Forests, Woodlands, and Scrub",Los Angeles; Long Beach; Anaheim; Santa Ana; Riverside; Irvine; Glendale; San Bernardino; Fontana; Huntington Beach; Ontario; Garden Grove; Rancho Cucamonga; Pomona; Corona; Torrance; Pasadena; Fullerton; Orange; Inglewood; Downey; El Monte; Costa Mesa; N
45,76036,14.0,33.75402359,-116.3708061,0.352889221,290.9022276,0.095597154,28.99,350694.5893,207.3380127,591.2210197,12877157376.0,20.42760038,CA,HIC,MDR,Deserts and Xeric Shrublands,Indio; Palm Springs
46,109673,14.4,33.95381355,-117.9539253,0.293597406,5618.920221,0.019451497,17.76,14281719.8,4632.77002,324.3846039,564483000000.0,17.60802174,CA,HIC,MDR,"Mediterranean Forests, Woodlands, and Scrub",Los Angeles; Long Beach; Anaheim; Santa Ana; Riverside; Irvine; Glendale; San Bernardino; Fontana; Huntington Beach; Ontario; Garden Grove; Rancho Cucamonga; Pomona; Corona; Torrance; Pasadena; Fullerton; Orange; Inglewood; Downey; El Monte; Costa Mesa; N
47,212375,8.6,33.95381355,-117.9539253,0.293597406,5618.920221,0.019451497,17.76,14281719.8,4632.77002,324.3846039,564483000000.0,17.60802174,CA,HIC,MDR,"Mediterranean Forests, Woodlands, and Scrub",Los Angeles; Long Beach; Anaheim; Santa Ana; Riverside; Irvine; Glendale; San Bernardino; Fontana; Huntington Beach; Ontario; Garden Grove; Rancho Cucamonga; Pomona; Corona; Torrance; Pasadena; Fullerton; Orange; Inglewood; Downey; El Monte; Costa Mesa; N
48,156633,14.3,34.58484845,-118.1317197,0.247125702,146.5043985,0.002526011,32.63,277181.2072,99.03132629,357.2800887,9413058560.0,15.09001136,CA,HIC,MDR,Deserts and Xeric Shrublands,Palmdale; Lancaster
49,80968,10.4,37.68840859,-121.7539797,0.325405154,49.12840322,0.02822396,24.04,73006.67113,37.21602249,509.7619425,1898732800.0,15.12280512,CA,HIC,MDR,"Mediterranean Forests, Woodlands, and Scrub",Livermore
50,462257,12.8,33.95381355,-117.9539253,0.293597406,5618.920221,0.019451497,17.76,14281719.8,4632.77002,324.3846039,564483000000.0,17.60802174,CA,HIC,MDR,"Mediterranean Forests, Woodlands, and Scrub",Los Angeles; Long Beach; Anaheim; Santa Ana; Riverside; Irvine; Glendale; San Bernardino; Fontana; Huntington Beach; Ontario; Garden Grove; Rancho Cucamonga; Pomona; Corona; Torrance; Pasadena; Fullerton; Orange; Inglewood; Downey; El Monte; Costa Mesa; N
51,3792621,13.0,33.95381355,-117.9539253,0.293597406,5618.920221,0.019451497,17.76,14281719.8,4632.77002,324.3846039,564483000000.0,17.60802174,CA,HIC,MDR,"Mediterranean Forests, Woodlands, and Scrub",Los Angeles; Long Beach; Anaheim; Santa Ana; Riverside; Irvine; Glendale; San Bernardino; Fontana; Huntington Beach; Ontario; Garden Grove; Rancho Cucamonga; Pomona; Corona; Torrance; Pasadena; Fullerton; Orange; Inglewood; Downey; El Monte; Costa Mesa; N
52,67096,13.1,37.79991498,-121.2197198,0.348484022,31.98278476,0.038229098,24.28,61668.58715,24.23267746,392.9500995,1788568448.0,17.04826498,CA,HIC,MDR,"Temperate Grasslands, Savannas, and Shrublands",Manteca; Lathrop
53,78958,15.1,37.31016576,-120.4772476,0.359615519,36.72656494,0.022657869,30.24,80014.16248,25.81415749,322.6198549,2502431232.0,18.06275463,CA,HIC,MDR,"Temperate Grasslands, Savannas, and Shrublands",Merced
54,201165,14.0,37.65057261,-120.9871322,0.349890269,145.974095,0.060616827,23.61,297123.3391,111.5295486,375.3644833,10473412608.0,17.77433062,CA,HIC,MDR,"Temperate Grasslands, Savannas, and Shrublands",Modesto
55,193365,14.0,33.92725586,-117.2411723,0.27929213,75.69121377,0.005846009,28.5,199002.5924,54.3415184,273.0693995,7223226880.0,18.12471008,CA,HIC,MDR,"Mediterranean Forests, Woodlands, and Scrub",Moreno Valley
56,74066,8.3,37.32711544,-121.9332989,0.306727058,1713.386499,0.042396863,23.88,4604961.31,1307.057861,283.8368823,176059000000.0,15.53486609,CA,HIC,MDR,"Mediterranean Forests, Woodlands, and Scrub",San Jose; San Francisco; Oakland; Fremont; Sunnyvale; Hayward; Berkeley; Santa Clara; San Mateo; Richmond; Mountain View; Redwood City; Alameda; Palo Alto
57,103466,11.4,33.53338129,-117.1527164,0.312512539,127.6138312,0.016228866,34.36,231017.5027,84.01544952,363.6756892,8211889152.0,18.12471008,CA,HIC,MDR,"Mediterranean Forests, Woodlands, and Scrub",Temecula; Murrieta
58,76915,12.2,38.3087824,-122.3012615,0.419812597,33.722154,0.185393724,23.74,74611.72537,26.14744186,350.4468196,2396844288.0,15.37228203,CA,HIC,MDR,"Mediterranean Forests, Woodlands, and Scrub",Napa
59,390724,12.2,37.32711544,-121.9332989,0.306727058,1713.386499,0.042396863,23.88,4604961.31,1307.057861,283.8368823,176059000000.0,15.53486609,CA,HIC,MDR,"Mediterranean Forests, Woodlands, and Scrub",San Jose; San Francisco; Oakland; Fremont; Sunnyvale; Hayward; Berkeley; Santa Clara; San Mateo; Richmond; Mountain View; Redwood City; Alameda; Palo Alto
60,167086,12.0,32.82158244,-117.1106947,0.272433307,1770.677568,0.00713453,34.67,4437234.748,1160.308838,261.4936788,134122000000.0,18.3498106,CA,HIC,MDR,"Mediterranean Forests, Woodlands, and Scrub",Tijuana; San Diego; Chula Vista; Oceanside; Escondido; El Cajon; Vista; Poway
61,163924,13.4,33.95381355,-117.9539253,0.293597406,5618.920221,0.019451497,17.76,14281719.8,4632.77002,324.3846039,564483000000.0,17.60802174,CA,HIC,MDR,"Mediterranean Forests, Woodlands, and Scrub",Los Angeles; Long Beach; Anaheim; Santa Ana; Riverside; Irvine; Glendale; San Bernardino; Fontana; Huntington Beach; Ontario; Garden Grove; Rancho Cucamonga; Pomona; Corona; Torrance; Pasadena; Fullerton; Orange; Inglewood; Downey; El Monte; Costa Mesa; N
62,136416,11.5,33.95381355,-117.9539253,0.293597406,5618.920221,0.019451497,17.76,14281719.8,4632.77002,324.3846039,564483000000.0,17.60802174,CA,HIC,MDR,"Mediterranean Forests, Woodlands, and Scrub",Los Angeles; Long Beach; Anaheim; Santa Ana; Riverside; Irvine; Glendale; San Bernardino; Fontana; Huntington Beach; Ontario; Garden Grove; Rancho Cucamonga; Pomona; Corona; Torrance; Pasadena; Fullerton; Orange; Inglewood; Downey; El Monte; Costa Mesa; N
63,197899,13.6,34.2174855,-119.2091316,0.299903009,135.2245778,0.036198658,28.65,297806.3934,97.0435257,325.8611227,10745822208.0,17.05357695,CA,HIC,MDR,"Mediterranean Forests, Woodlands, and Scrub",Oxnard; Ventura
64,152750,14.5,34.58484845,-118.1317197,0.247125702,146.5043985,0.002526011,32.63,277181.2072,99.03132629,357.2800887,9413058560.0,15.09001136,CA,HIC,MDR,Deserts and Xeric Shrublands,Palmdale; Lancaster
65,137122,10.5,33.95381355,-117.9539253,0.293597406,5618.920221,0.019451497,17.76,14281719.8,4632.77002,324.3846039,564483000000.0,17.60802174,CA,HIC,MDR,"Mediterranean Forests, Woodlands, and Scrub",Los Angeles; Long Beach; Anaheim; Santa Ana; Riverside; Irvine; Glendale; San Bernardino; Fontana; Huntington Beach; Ontario; Garden Grove; Rancho Cucamonga; Pomona; Corona; Torrance; Pasadena; Fullerton; Orange; Inglewood; Downey; El Monte; Costa Mesa; N
66,68386,15.1,33.81242342,-117.212892,0.259491041,26.17796712,0.000573549,46.5,63293.69495,13.9107666,219.7812375,1785082752.0,18.12471008,CA,HIC,MDR,"Mediterranean Forests, Woodlands, and Scrub",Perris
67,149058,13.8,33.95381355,-117.9539253,0.293597406,5618.920221,0.019451497,17.76,14281719.8,4632.77002,324.3846039,564483000000.0,17.60802174,CA,HIC,MDR,"Mediterranean Forests, Woodlands, and Scrub",Los Angeles; Long Beach; Anaheim; Santa Ana; Riverside; Irvine; Glendale; San Bernardino; Fontana; Huntington Beach; Ontario; Garden Grove; Rancho Cucamonga; Pomona; Corona; Torrance; Pasadena; Fullerton; Orange; Inglewood; Downey; El Monte; Costa Mesa; N
68,165269,10.7,33.95381355,-117.9539253,0.293597406,5618.920221,0.019451497,17.76,14281719.8,4632.77002,324.3846039,564483000000.0,17.60802174,CA,HIC,MDR,"Mediterranean Forests, Woodlands, and Scrub",Los Angeles; Long Beach; Anaheim; Santa Ana; Riverside; Irvine; Glendale; San Bernardino; Fontana; Huntington Beach; Ontario; Garden Grove; Rancho Cucamonga; Pomona; Corona; Torrance; Pasadena; Fullerton; Orange; Inglewood; Downey; El Monte; Costa Mesa; N
69,76815,10.6,37.32711544,-121.9332989,0.306727058,1713.386499,0.042396863,23.88,4604961.31,1307.057861,283.8368823,176059000000.0,15.53486609,CA,HIC,MDR,"Mediterranean Forests, Woodlands, and Scrub",San Jose; San Francisco; Oakland; Fremont; Sunnyvale; Hayward; Berkeley; Santa Clara; San Mateo; Richmond; Mountain View; Redwood City; Alameda; Palo Alto
70,103701,13.1,37.32711544,-121.9332989,0.306727058,1713.386499,0.042396863,23.88,4604961.31,1307.057861,283.8368823,176059000000.0,15.53486609,CA,HIC,MDR,"Mediterranean Forests, Woodlands, and Scrub",San Jose; San Francisco; Oakland; Fremont; Sunnyvale; Hayward; Berkeley; Santa Clara; San Mateo; Richmond; Mountain View; Redwood City; Alameda; Palo Alto
71,303871,13.2,33.95381355,-117.9539253,0.293597406,5618.920221,0.019451497,17.76,14281719.8,4632.77002,324.3846039,564483000000.0,17.60802174,CA,HIC,MDR,"Mediterranean Forests, Woodlands, and Scrub",Los Angeles; Long Beach; Anaheim; Santa Ana; Riverside; Irvine; Glendale; San Bernardino; Fontana; Huntington Beach; Ontario; Garden Grove; Rancho Cucamonga; Pomona; Corona; Torrance; Pasadena; Fullerton; Orange; Inglewood; Downey; El Monte; Costa Mesa; N
72,466488,13.0,38.60280713,-121.3875759,0.376331851,808.6084062,0.126231255,30.6,1528104.298,562.8466187,368.3299756,56179085312.0,17.10165453,CA,HIC,MDR,"Temperate Grasslands, Savannas, and Shrublands",Sacramento
73,150441,14.7,36.68899056,-121.6408306,0.339630554,53.88627551,0.076113535,24.61,149784.336,41.04495621,274.0270265,4813837312.0,15.27411008,CA,HIC,MDR,"Mediterranean Forests, Woodlands, and Scrub",Salinas
74,209924,16.0,33.95381355,-117.9539253,0.293597406,5618.920221,0.019451497,17.76,14281719.8,4632.77002,324.3846039,564483000000.0,17.60802174,CA,HIC,MDR,"Mediterranean Forests, Woodlands, and Scrub",Los Angeles; Long Beach; Anaheim; Santa Ana; Riverside; Irvine; Glendale; San Bernardino; Fontana; Huntington Beach; Ontario; Garden Grove; Rancho Cucamonga; Pomona; Corona; Torrance; Pasadena; Fullerton; Orange; Inglewood; Downey; El Monte; Costa Mesa; N
75,1307402,10.7,32.82158244,-117.1106947,0.272433307,1770.677568,0.00713453,34.67,4437234.748,1160.308838,261.4936788,134122000000.0,18.3498106,CA,HIC,MDR,"Mediterranean Forests, Woodlands, and Scrub",Tijuana; San Diego; Chula Vista; Oceanside; Escondido; El Cajon; Vista; Poway
76,805235,9.8,37.32711544,-121.9332989,0.306727058,1713.386499,0.042396863,23.88,4604961.31,1307.057861,283.8368823,176059000000.0,15.53486609,CA,HIC,MDR,"Mediterranean Forests, Woodlands, and Scrub",San Jose; San Francisco; Oakland; Fremont; Sunnyvale; Hayward; Berkeley; Santa Clara; San Mateo; Richmond; Mountain View; Redwood City; Alameda; Palo Alto
77,945942,10.2,37.32711544,-121.9332989,0.306727058,1713.386499,0.042396863,23.88,4604961.31,1307.057861,283.8368823,176059000000.0,15.53486609,CA,HIC,MDR,"Mediterranean Forests, Woodlands, and Scrub",San Jose; San Francisco; Oakland; Fremont; Sunnyvale; Hayward; Berkeley; Santa Clara; San Mateo; Richmond; Mountain View; Redwood City; Alameda; Palo Alto
78,97207,9.8,37.32711544,-121.9332989,0.306727058,1713.386499,0.042396863,23.88,4604961.31,1307.057861,283.8368823,176059000000.0,15.53486609,CA,HIC,MDR,"Mediterranean Forests, Woodlands, and Scrub",San Jose; San Francisco; Oakland; Fremont; Sunnyvale; Hayward; Berkeley; Santa Clara; San Mateo; Richmond; Mountain View; Redwood City; Alameda; Palo Alto
79,324528,14.6,33.95381355,-117.9539253,0.293597406,5618.920221,0.019451497,17.76,14281719.8,4632.77002,324.3846039,564483000000.0,17.60802174,CA,HIC,MDR,"Mediterranean Forests, Woodlands, and Scrub",Los Angeles; Long Beach; Anaheim; Santa Ana; Riverside; Irvine; Glendale; San Bernardino; Fontana; Huntington Beach; Ontario; Garden Grove; Rancho Cucamonga; Pomona; Corona; Torrance; Pasadena; Fullerton; Orange; Inglewood; Downey; El Monte; Costa Mesa; N
80,88410,11.1,34.42766353,-119.7436927,0.362784899,59.5762836,0.061348029,36.5,114753.1502,38.10174942,332.0322742,4159701504.0,15.37690687,CA,HIC,MDR,"Mediterranean Forests, Woodlands, and Scrub",Santa Barbara
81,116468,8.7,37.32711544,-121.9332989,0.306727058,1713.386499,0.042396863,23.88,4604961.31,1307.057861,283.8368823,176059000000.0,15.53486609,CA,HIC,MDR,"Mediterranean Forests, Woodlands, and Scrub",San Jose; San Francisco; Oakland; Fremont; Sunnyvale; Hayward; Berkeley; Santa Clara; San Mateo; Richmond; Mountain View; Redwood City; Alameda; Palo Alto
82,176320,11.1,34.42012237,-118.5319524,0.316168443,113.7670846,0.01629567,37.04,199622.2104,71.78395081,359.5990179,6775972352.0,16.24344993,CA,HIC,MDR,"Mediterranean Forests, Woodlands, and Scrub",Santa Clarita
83,99553,15.0,34.92312304,-120.4343724,0.312845526,54.45069388,0.040129424,23.64,123181.2848,42.0008049,340.9674201,4174295040.0,14.71819115,CA,HIC,MDR,"Mediterranean Forests, Woodlands, and Scrub",Santa Maria
84,167815,12.2,38.44448407,-122.7137258,0.432148958,80.42357608,0.21543074,33.06,165225.2385,62.12906647,376.0264898,5611033088.0,15.28851104,CA,HIC,MDR,"Mediterranean Forests, Woodlands, and Scrub",Santa Rosa
85,124237,10.8,34.27227869,-118.740073,0.311866029,52.87671423,0.021186876,20.79,109579.4602,41.97615814,383.0659328,2892286720.0,16.24344993,CA,HIC,MDR,"Mediterranean Forests, Woodlands, and Scrub",Simi Valley
86,291707,13.8,37.97378272,-121.2952444,0.371861084,184.5447727,0.106627354,23.19,365617.9699,142.0906219,388.6313957,13534003200.0,17.04826498,CA,HIC,MDR,"Temperate Grasslands, Savannas, and Shrublands",Stockton
87,140081,8.1,37.32711544,-121.9332989,0.306727058,1713.386499,0.042396863,23.88,4604961.31,1307.057861,283.8368823,176059000000.0,15.53486609,CA,HIC,MDR,"Mediterranean Forests, Woodlands, and Scrub",San Jose; San Francisco; Oakland; Fremont; Sunnyvale; Hayward; Berkeley; Santa Clara; San Mateo; Richmond; Mountain View; Redwood City; Alameda; Palo Alto
88,100097,11.0,33.53338129,-117.1527164,0.312512539,127.6138312,0.016228866,34.36,231017.5027,84.01544952,363.6756892,8211889152.0,18.12471008,CA,HIC,MDR,"Mediterranean Forests, Woodlands, and Scrub",Temecula; Murrieta
89,126683,9.9,34.18196155,-118.8641047,0.347211862,104.6186538,0.015857006,32.29,146356.3494,71.09897614,485.7935883,4934404608.0,16.24344993,CA,HIC,MDR,"Mediterranean Forests, Woodlands, and Scrub",Thousand Oaks
90,145438,9.1,33.95381355,-117.9539253,0.293597406,5618.920221,0.019451497,17.76,14281719.8,4632.77002,324.3846039,564483000000.0,17.60802174,CA,HIC,MDR,"Mediterranean Forests, Woodlands, and Scrub",Los Angeles; Long Beach; Anaheim; Santa Ana; Riverside; Irvine; Glendale; San Bernardino; Fontana; Huntington Beach; Ontario; Garden Grove; Rancho Cucamonga; Pomona; Corona; Torrance; Pasadena; Fullerton; Orange; Inglewood; Downey; El Monte; Costa Mesa; N
91,82922,11.7,37.73007868,-121.4314133,0.335667005,49.0142032,0.048423118,26.61,91449.60626,35.95515823,393.1690874,3221034752.0,17.04826498,CA,HIC,MDR,"Temperate Grasslands, Savannas, and Shrublands",Tracy
92,68549,13.3,37.50609806,-120.8528115,0.348239262,31.84357895,0.042447332,25.28,67104.15872,23.91204071,356.3421577,1798877824.0,17.77433062,CA,HIC,MDR,"Temperate Grasslands, Savannas, and Shrublands",Turlock
93,92428,11.7,38.34685897,-121.9694469,0.395443985,34.00857729,0.073399545,24.03,76952.19238,25.83078957,335.6732117,2309909504.0,16.96158934,CA,HIC,MDR,"Temperate Grasslands, Savannas, and Shrublands",Vacaville
94,115942,12.0,37.91394614,-122.0483181,0.394053769,410.9104428,0.147159756,32.26,661553.5774,279.0698853,421.8401877,23064424448.0,15.53486609,CA,HIC,MDR,"Mediterranean Forests, Woodlands, and Scrub",Concord; Vallejo
95,124442,13.2,36.32739672,-119.3271873,0.315762422,71.12597596,0.010805582,30.24,117576.3356,50.23209381,427.2296252,4141723904.0,18.45828629,CA,HIC,MDR,"Temperate Grasslands, Savannas, and Shrublands",Visalia
96,93834,13.2,32.82158244,-117.1106947,0.272433307,1770.677568,0.00713453,34.67,4437234.748,1160.308838,261.4936788,134122000000.0,18.3498106,CA,HIC,MDR,"Mediterranean Forests, Woodlands, and Scrub",Tijuana; San Diego; Chula Vista; Oceanside; Escondido; El Cajon; Vista; Poway
97,325078,11.6,39.72837393,-104.9803877,0.428323192,1359.247569,0.239672364,29.58,2229499.864,1011.949829,453.8909581,79806464000.0,9.789418697,CO,HIC,MDR,"Temperate Grasslands, Savannas, and Shrublands",Denver; Aurora; Centennial; Edgewater
98,97385,9.3,40.01689251,-105.2539294,0.459259766,46.17005281,0.490397624,49.28,91059.98134,37.11702347,407.610708,3002802688.0,8.074903607,CO,HIC,MDR,"Temperate Grasslands, Savannas, and Shrublands",Boulder
99,100377,8.7,39.72837393,-104.9803877,0.428323192,1359.247569,0.239672364,29.58,2229499.864,1011.949829,453.8909581,79806464000.0,9.789418697,CO,HIC,MDR,"Temperate Grasslands, Savannas, and Shrublands",Denver; Aurora; Centennial; Edgewater
100,416427,10.8,38.86368844,-104.7760317,0.375952943,241.0262491,0.075454524,34.17,396290.1245,159.3249207,402.0411078,13621952512.0,10.36757088,CO,HIC,MDR,"Temperate Grasslands, Savannas, and Shrublands",Colorado Springs
101,600158,10.7,39.72837393,-104.9803877,0.428323192,1359.247569,0.239672364,29.58,2229499.864,1011.949829,453.8909581,79806464000.0,9.789418697,CO,HIC,MDR,"Temperate Grasslands, Savannas, and Shrublands",Denver; Aurora; Centennial; Edgewater
102,143986,10.4,40.55305944,-105.0727113,0.4635389,84.99657267,0.472101406,51.36,130166.5482,63.40686798,487.1210681,4589308416.0,7.421238303,CO,HIC,MDR,"Temperate Grasslands, Savannas, and Shrublands",Fort Collins
103,92889,12.2,40.40697815,-104.7192042,0.408868345,64.13746435,0.142526981,24.06,112729.3136,51.4822998,456.6895528,3803223552.0,10.79988694,CO,HIC,MDR,"Temperate Grasslands, Savannas, and Shrublands",Greeley
104,86270,10.5,40.17027699,-105.1125325,0.424916241,52.09288621,0.220483945,34.88,81494.56818,40.40180969,495.7607678,2506778112.0,8.074903607,CO,HIC,MDR,"Temperate Grasslands, Savannas, and Shrublands",Longmont
105,66859,10.6,40.41008711,-105.0846459,0.434620626,53.49816652,0.190151714,32.44,64752.37323,36.48200989,563.408074,2208120576.0,8.074903607,CO,HIC,MDR,"Temperate Grasslands, Savannas, and Shrublands",Loveland
106,106595,12.8,38.26208545,-104.6197,0.339437045,85.5850755,0.061171849,22.81,100512.2814,66.37648773,660.3818637,3335573760.0,11.93449473,CO,HIC,MDR,"Temperate Grasslands, Savannas, and Shrublands",Pueblo
107,144229,14.9,41.23347258,-73.05220162,0.502498366,345.5296755,0.55776838,59.98,541498.6745,207.1936798,382.6300775,23800174592.0,11.40249133,CT,HIC,MDR,Temperate Broadleaf and Mixed Forests,Bridgeport; New Haven
108,124775,16.5,41.72777813,-72.70929727,0.515315974,183.1311847,0.596249116,74.77,313698.5459,118.6540146,378.2421568,14117371904.0,10.90765047,CT,HIC,MDR,Temperate Broadleaf and Mixed Forests,Hartford; New Britain
109,73206,14.9,41.72777813,-72.70929727,0.515315974,183.1311847,0.596249116,74.77,313698.5459,118.6540146,378.2421568,14117371904.0,10.90765047,CT,HIC,MDR,Temperate Broadleaf and Mixed Forests,Hartford; New Britain
110,129779,14.5,41.23347258,-73.05220162,0.502498366,345.5296755,0.55776838,59.98,541498.6745,207.1936798,382.6300775,23800174592.0,11.40249133,CT,HIC,MDR,Temperate Broadleaf and Mixed Forests,Bridgeport; New Haven
111,85603,11.2,41.10655866,-73.40449145,0.545065545,63.877779,0.725313437,66.72,80617.93338,36.18283844,448.8187296,3881972992.0,11.40249133,CT,HIC,MDR,Temperate Broadleaf and Mixed Forests,Norwalk; Darien
112,110366,16.0,41.5604521,-73.03874947,0.536279229,47.70813722,0.777058061,83.67,96336.38968,31.49048615,326.8804888,3892117760.0,10.1999619,CT,HIC,MDR,Temperate Broadleaf and Mixed Forests,Waterbury
113,84392,11.2,26.17958738,-80.2108039,0.430632245,3027.909465,0.180784627,29.37,5406570.288,2147.19043,397.1446435,210266000000.0,25.10877228,FL,HIC,MDR,Flooded Grasslands and Savannas,Miami; Hialeah; Fort Lauderdale; Kendall; Pompano Beach; Miami Beach; Boca Raton; Palm Beach
114,154305,13.4,26.60188796,-81.92179526,0.460354716,279.335468,0.383321127,45.65,260980.0628,152.1717224,583.0779592,10016549888.0,24.32698441,FL,HIC,MDR,Temperate Coniferous Forests,Cape Coral; Fort Myers
115,107685,14.0,27.80797724,-82.70346723,0.486132762,1745.537475,0.503609067,42.89,1996766.554,1175.322021,588.6126343,76110553088.0,23.50172043,FL,HIC,MDR,Temperate Coniferous Forests,Tampa; Saint Petersburg; Clearwater; Brandon; Largo
116,85182,14.6,28.90290397,-81.26551487,0.530140693,68.30285295,0.71214599,77.15,66132.41221,39.38314438,595.5195502,2017181056.0,23.00020027,FL,HIC,MDR,Temperate Coniferous Forests,Deltona
117,165521,13.7,26.17958738,-80.2108039,0.430632245,3027.909465,0.180784627,29.37,5406570.288,2147.19043,397.1446435,210266000000.0,25.10877228,FL,HIC,MDR,Flooded Grasslands and Savannas,Miami; Hialeah; Fort Lauderdale; Kendall; Pompano Beach; Miami Beach; Boca Raton; Palm Beach
118,224669,15.3,26.17958738,-80.2108039,0.430632245,3027.909465,0.180784627,29.37,5406570.288,2147.19043,397.1446435,210266000000.0,25.10877228,FL,HIC,MDR,Flooded Grasslands and Savannas,Miami; Hialeah; Fort Lauderdale; Kendall; Pompano Beach; Miami Beach; Boca Raton; Palm Beach
119,821784,14.2,30.30682272,-81.64771776,0.522416104,370.6987998,0.782912727,38.9,399012.6391,226.6909027,568.1296293,14545363968.0,21.30102015,FL,HIC,MDR,Temperate Coniferous Forests,Jacksonville
120,97422,15.1,28.02654586,-81.94631139,0.497403905,81.7027336,0.674630546,61.6,96592.23384,40.81713867,422.5716401,3210687488.0,23.27126312,FL,HIC,MDR,Temperate Coniferous Forests,Lakeland
121,77648,14.6,27.80797724,-82.70346723,0.486132762,1745.537475,0.503609067,42.89,1996766.554,1175.322021,588.6126343,76110553088.0,23.50172043,FL,HIC,MDR,Temperate Coniferous Forests,Tampa; Saint Petersburg; Clearwater; Brandon; Largo
122,399457,15.0,26.17958738,-80.2108039,0.430632245,3027.909465,0.180784627,29.37,5406570.288,2147.19043,397.1446435,210266000000.0,25.10877228,FL,HIC,MDR,Flooded Grasslands and Savannas,Miami; Hialeah; Fort Lauderdale; Kendall; Pompano Beach; Miami Beach; Boca Raton; Palm Beach
123,87779,11.9,26.17958738,-80.2108039,0.430632245,3027.909465,0.180784627,29.37,5406570.288,2147.19043,397.1446435,210266000000.0,25.10877228,FL,HIC,MDR,Flooded Grasslands and Savannas,Miami; Hialeah; Fort Lauderdale; Kendall; Pompano Beach; Miami Beach; Boca Raton; Palm Beach
124,238300,13.6,28.53910259,-81.37360347,0.493299963,969.1388714,0.562889929,53.67,1290483.024,589.9866943,457.1828403,47881277440.0,23.00020027,FL,HIC,MDR,Temperate Coniferous Forests,Orlando; Kissimmee
125,103190,14.8,28.12594571,-80.63085595,0.491700909,448.1900892,0.548907056,51.36,296689.9364,218.8686829,737.7017419,11858050048.0,23.51010466,FL,HIC,MDR,Temperate Coniferous Forests,Palm Bay
126,75180,13.9,29.58187537,-81.18128165,0.541753107,92.82863499,0.879309392,71.08,79468.3693,50.12488937,630.752711,2731035904.0,22.05519867,FL,HIC,MDR,Temperate Coniferous Forests,Palm Coast
127,99845,15.4,26.17958738,-80.2108039,0.430632245,3027.909465,0.180784627,29.37,5406570.288,2147.19043,397.1446435,210266000000.0,25.10877228,FL,HIC,MDR,Flooded Grasslands and Savannas,Miami; Hialeah; Fort Lauderdale; Kendall; Pompano Beach; Miami Beach; Boca Raton; Palm Beach
128,164603,14.1,27.2789459,-80.3656072,0.527817601,87.6048192,0.873741262,78.97,114380.1249,53.16268921,464.7895713,4062191872.0,24.32071161,FL,HIC,MDR,Temperate Coniferous Forests,Port St. Lucie
129,181376,13.4,30.44089044,-84.29721635,0.48238579,36.72873132,0.688630563,72.24,70101.07556,14.56813335,207.8161175,2435344384.0,20.80668497,FL,HIC,MDR,Temperate Coniferous Forests,Tallahassee
130,335709,13.9,27.80797724,-82.70346723,0.486132762,1745.537475,0.503609067,42.89,1996766.554,1175.322021,588.6126343,76110553088.0,23.50172043,FL,HIC,MDR,Temperate Coniferous Forests,Tampa; Saint Petersburg; Clearwater; Brandon; Largo
131,420003,11.7,33.84096954,-84.30090571,0.516512275,1161.300677,0.778825221,75.62,1516952.499,699.6470947,461.2188552,48656035840.0,17.22755289,GA,HIC,MDR,Temperate Broadleaf and Mixed Forests,Atlanta; Sandy Springs; Marietta; Smyrna
132,189885,13.4,32.49314238,-84.94732625,0.512617641,168.7211421,0.784856726,80.63,160025.0107,104.3123398,651.8502283,4858424320.0,19.03057861,GA,HIC,MDR,Temperate Broadleaf and Mixed Forests,Columbus
133,76728,8.0,34.05288817,-84.25600761,0.54307509,163.3229644,0.843532718,82.62,179837.6951,92.60155487,514.9173804,5359358976.0,16.03670192,GA,HIC,MDR,Temperate Broadleaf and Mixed Forests,Roswell; Johns Creek
134,88346,9.6,34.05288817,-84.25600761,0.54307509,163.3229644,0.843532718,82.62,179837.6951,92.60155487,514.9173804,5359358976.0,16.03670192,GA,HIC,MDR,Temperate Broadleaf and Mixed Forests,Roswell; Johns Creek
135,93853,9.5,33.84096954,-84.30090571,0.516512275,1161.300677,0.778825221,75.62,1516952.499,699.6470947,461.2188552,48656035840.0,17.22755289,GA,HIC,MDR,Temperate Broadleaf and Mixed Forests,Atlanta; Sandy Springs; Marietta; Smyrna
136,136286,13.6,32.0552794,-81.11909061,0.504991158,138.2814849,0.744621862,68.21,139465.4384,92.85191345,665.7700613,4319228416.0,19.81354141,GA,HIC,MDR,Temperate Coniferous Forests,Savannah
137,953207,9.2,21.34067769,-157.8934967,0.369290388,183.8116668,0.22641504,56.41,512853.6667,80.64737701,157.2522188,21926684672.0,23.5266223,HI,HIC,MDR,Tropical and Subtropical Dry Broadleaf Forests,Honolulu; Waipahu; Pearl City; Aiea
138,75092,10.4,43.61850498,-116.3044203,0.444548826,259.4899655,0.317905162,34.64,345842.6153,177.1658325,512.2729955,8430961152.0,10.57361579,ID,HIC,MDR,Deserts and Xeric Shrublands,Boise; Meridian
139,81557,13.1,43.57493409,-116.5663472,0.438128222,56.7534113,0.262101032,32.54,82255.54019,38.45090866,467.4567643,1826876544.0,12.25214934,ID,HIC,MDR,Deserts and Xeric Shrublands,Nampa
140,197899,12.0,41.79396274,-87.82253727,0.476855091,3823.861992,0.427061357,60.34,6779775.294,2810.234863,414.5026556,239863000000.0,10.44071722,IL,HIC,MDR,"Temperate Grasslands, Savannas, and Shrublands",Chicago; Aurora; Naperville; Gary; Evanston
141,76610,10.5,40.4934032,-88.97138438,0.489745253,79.07422662,0.51962891,56.74,117343.5585,57.90507126,493.4661262,3722436352.0,11.59443951,IL,HIC,MDR,"Temperate Grasslands, Savannas, and Shrublands",Bloomington
142,81055,10.9,40.11001798,-88.24896826,0.531272243,83.10595437,0.633265656,71.88,131654.1423,62.49837875,474.7163869,4368823808.0,11.47554684,IL,HIC,MDR,"Temperate Grasslands, Savannas, and Shrublands",Champaign; Urbana
143,2695598,12.0,41.79396274,-87.82253727,0.476855091,3823.861992,0.427061357,60.34,6779775.294,2810.234863,414.5026556,239863000000.0,10.44071722,IL,HIC,MDR,"Temperate Grasslands, Savannas, and Shrublands",Chicago; Aurora; Naperville; Gary; Evanston
144,108188,11.8,42.0285433,-88.29317955,0.519980976,90.49697425,0.809285987,74.77,133327.3041,58.01398849,435.1245896,4341065728.0,9.189346671,IL,HIC,MDR,"Temperate Grasslands, Savannas, and Shrublands",Elgin
145,74486,9.0,41.79396274,-87.82253727,0.476855091,3823.861992,0.427061357,60.34,6779775.294,2810.234863,414.5026556,239863000000.0,10.44071722,IL,HIC,MDR,"Temperate Grasslands, Savannas, and Shrublands",Chicago; Aurora; Naperville; Gary; Evanston
146,147433,12.2,41.55602002,-88.15358341,0.511507195,194.8153577,0.679845043,71.22,260688.233,119.5715179,458.6763144,8222814720.0,9.971983194,IL,HIC,MDR,"Temperate Grasslands, Savannas, and Shrublands",Joliet
147,141853,8.2,41.79396274,-87.82253727,0.476855091,3823.861992,0.427061357,60.34,6779775.294,2810.234863,414.5026556,239863000000.0,10.44071722,IL,HIC,MDR,"Temperate Grasslands, Savannas, and Shrublands",Chicago; Aurora; Naperville; Gary; Evanston
148,115007,12.4,40.71483657,-89.60797997,0.534713563,125.8783449,0.840530981,72.06,117438.3463,83.50699615,711.070947,3956335104.0,11.0293982,IL,HIC,MDR,"Temperate Grasslands, Savannas, and Shrublands",Peoria
149,152871,13.8,42.28550884,-89.04326181,0.559509172,179.5981676,0.895165869,83.58,201697.8816,129.8855286,643.9607969,6764991488.0,9.020105362,IL,HIC,MDR,"Temperate Grasslands, Savannas, and Shrublands",Rockford
150,116250,12.0,39.78679009,-89.65369861,0.55749533,110.8513771,0.860306256,89.06,109679.316,80.3964386,733.0136763,3588679424.0,12.48464513,IL,HIC,MDR,"Temperate Grasslands, Savannas, and Shrublands",Springfield
151,89078,13.5,42.37504739,-87.95014909,0.561903845,312.025893,0.823569789,79.71,332402.8625,181.2299957,545.2118984,11488012288.0,9.761179447,IL,HIC,MDR,"Temperate Grasslands, Savannas, and Shrublands",Waukegan; North Chicago; Gurnee; Round Lake Beach; Zion; Grayslake; Lake Forest; Round Lake; Lindenhurst; Beach Park; Lake Bluff
152,80405,12.8,39.15946729,-86.53489005,0.548406735,44.9199309,0.715186421,70.73,74426.38234,28.32284546,380.5484637,1652635392.0,12.32019329,IN,HIC,MDR,Temperate Broadleaf and Mixed Forests,Bloomington
153,117429,14.7,37.981265,-87.52636176,0.494919887,102.9502431,0.665210818,71.45,114771.338,72.06118774,627.8674535,3143664384.0,14.4369247,IN,HIC,MDR,Temperate Broadleaf and Mixed Forests,Evansville
154,253691,13.5,41.09405071,-85.10826022,0.512757404,203.169811,0.793636851,77.6,202795.9841,139.4898987,687.8336338,5382330368.0,10.43110633,IN,HIC,MDR,Temperate Broadleaf and Mixed Forests,Fort Wayne
155,820445,14.0,39.80875482,-86.14531263,0.519502182,1050.208516,0.761344028,75.72,1086019.564,702.3533325,646.7225414,31319320576.0,12.03193426,IN,HIC,MDR,Temperate Broadleaf and Mixed Forests,Indianapolis
156,67140,13.9,40.41600971,-86.87692205,0.493745658,80.20139203,0.579613066,67.16,116137.3437,54.11274338,465.9374983,3249214464.0,11.39722514,IN,HIC,MDR,Temperate Broadleaf and Mixed Forests,Lafayette; West Lafayette
157,70085,16.0,40.19708618,-85.3967937,0.503174325,48.09026572,0.578825292,71.96,58239.49432,33.47201157,574.7304635,1756073344.0,10.47410226,IN,HIC,MDR,Temperate Broadleaf and Mixed Forests,Muncie
158,101168,14.9,41.67990356,-86.22351224,0.534807245,169.7178999,0.750552593,78.16,169921.2673,114.9387512,676.4235759,4644243456.0,10.3733778,IN,HIC,MDR,Temperate Broadleaf and Mixed Forests,South Bend
159,126326,10.7,41.99338762,-91.66268216,0.50472523,136.5858072,0.752077094,66.31,148181.0608,95.59848785,645.146467,4048691200.0,10.46697307,IA,HIC,MDR,"Temperate Grasslands, Savannas, and Shrublands",Cedar Rapids
160,203433,12.0,41.60050713,-93.68455903,0.536809501,298.2552044,0.810018158,76.15,338848.0597,213.9273987,631.3372397,10345088000.0,10.30936503,IA,HIC,MDR,"Temperate Grasslands, Savannas, and Shrublands",Des Moines
161,67862,10.0,41.66206945,-91.54405182,0.507404353,44.0511506,0.651127943,70.83,71884.52148,29.05860329,404.2400601,1608254208.0,10.46697307,IA,HIC,MDR,"Temperate Grasslands, Savannas, and Shrublands",Iowa City
162,82684,12.3,42.48789586,-96.38924836,0.543763763,68.21758024,0.865003088,79.6,77978.80623,50.32192993,645.3282932,2400945152.0,9.754701853,IA,HIC,MDR,"Temperate Grasslands, Savannas, and Shrublands",Sioux City
163,68406,12.2,42.49714346,-92.37340541,0.512327352,63.37320938,0.766111558,77.01,78087.96705,44.7354126,572.8848412,2207699456.0,9.189387918,IA,HIC,MDR,"Temperate Grasslands, Savannas, and Shrublands",Waterloo
164,87643,9.8,38.95824994,-95.26496625,0.536370599,47.34804545,0.706316562,71.89,76221.15569,27.99982643,367.3498018,2296932096.0,14.23693752,KS,HIC,MDR,"Temperate Grasslands, Savannas, and Shrublands",Lawrence
165,127473,11.7,39.03107994,-95.70518194,0.51264374,79.46621783,0.764786818,68.01,94598.08414,54.93510437,580.7211094,2727936768.0,13.21520185,KS,HIC,MDR,"Temperate Grasslands, Savannas, and Shrublands",Topeka
166,382368,10.9,37.68333134,-97.30966899,0.471421252,220.7634084,0.641343298,46.56,272839.4884,153.7166595,563.3959382,9113311232.0,14.66271544,KS,HIC,MDR,"Temperate Grasslands, Savannas, and Shrublands",Wichita
167,295803,12.4,38.02135026,-84.49377673,0.544640424,182.0496989,0.791674967,77.0,274818.889,139.8332977,508.8198203,7351878144.0,13.32968616,KY,HIC,MDR,Temperate Broadleaf and Mixed Forests,Lexington
168,597337,13.6,38.22451115,-85.69906478,0.542130712,663.2794669,0.821310727,75.61,750695.1643,469.2785034,625.1252515,21041522688.0,14.05084062,KY,HIC,MDR,Temperate Broadleaf and Mixed Forests,Louisville
169,229493,14.7,30.43326952,-91.10127215,0.502203403,245.968133,0.69630468,65.21,270758.8464,149.958786,553.8463028,9268129792.0,20.75579023,LA,HIC,MDR,Temperate Broadleaf and Mixed Forests,Baton Rouge
170,120623,14.3,30.19901336,-92.02818627,0.489056888,88.69452719,0.657439203,62.63,97041.3425,51.07809448,526.3539556,3380353024.0,20.76537371,LA,HIC,MDR,Temperate Broadleaf and Mixed Forests,Lafayette
171,71993,15.4,30.20066241,-93.21274836,0.508808976,65.55368915,0.752551171,61.34,65139.63467,42.39296722,650.8014274,2020886400.0,20.69899321,LA,HIC,MDR,"Tropical and subtropical grasslands, savannas, and shrublands",Lake Charles
172,343829,14.3,29.96009972,-90.10226475,0.432374335,499.3475616,0.241649124,28.66,680993.5612,357.408783,524.8343058,23709323264.0,21.23933458,LA,HIC,MDR,Temperate Broadleaf and Mixed Forests,New Orleans
173,199311,15.3,32.48342723,-93.73367124,0.49369638,181.4420264,0.755390245,58.76,173970.0302,110.6530457,636.0465968,5578731520.0,19.27537298,LA,HIC,MDR,Temperate Coniferous Forests,Shreveport
174,66194,11.7,43.65745467,-70.29209598,0.530716868,83.13501823,0.72611958,75.47,88735.62864,42.29847717,476.6797488,2344910592.0,8.630513191,ME,HIC,MDR,Temperate Broadleaf and Mixed Forests,Portland
175,620961,13.6,39.31155264,-76.61148208,0.466869041,741.5569717,0.556143474,60.01,1360858.298,442.2944031,325.0113578,58137075712.0,13.17422318,MD,HIC,MDR,Temperate Broadleaf and Mixed Forests,Baltimore; Towson
176,617594,13.4,42.38499617,-71.06303941,0.522041694,933.7702002,0.485098022,62.94,2063274.183,576.4204712,279.3717267,89742204928.0,10.7555151,MA,HIC,MDR,Temperate Broadleaf and Mixed Forests,Boston
177,93810,16.6,42.0900036,-71.02633922,0.559778514,54.63206209,0.785724773,84.86,92696.08043,36.282341,391.4118141,3643842560.0,10.7555151,MA,HIC,MDR,Temperate Broadleaf and Mixed Forests,Brockton
178,88857,18.2,41.71520662,-71.15543632,0.505518493,77.30773922,0.445479895,57.44,109745.1012,44.81277466,408.3350798,4337035776.0,11.26427174,MA,HIC,MDR,Temperate Broadleaf and Mixed Forests,Fall River
179,76377,16.9,42.70927284,-71.16361152,0.519911179,44.38928922,0.500627759,75.79,115992.3834,30.43431473,262.3820102,4984014848.0,9.908699036,MA,HIC,MDR,Temperate Broadleaf and Mixed Forests,Lawrence; Methuen; Andover; North Andover; North Andover Center
180,106519,14.5,42.63918405,-71.31914135,0.528808124,41.20934611,0.484433985,67.84,109085.704,27.59522247,252.9682759,4414349824.0,9.908699036,MA,HIC,MDR,Temperate Broadleaf and Mixed Forests,Lowell
181,95072,18.3,41.63734754,-70.91985432,0.519102857,86.93766632,0.413679999,63.07,116239.3496,51.75893021,445.2789042,4698217472.0,11.36839271,MA,HIC,MDR,Temperate Broadleaf and Mixed Forests,New Bedford
182,153060,17.5,42.14635469,-72.56855492,0.499681101,159.7018484,0.534995739,37.64,252946.3824,99.78312683,394.4833126,10416934912.0,9.893814564,MA,HIC,MDR,Temperate Broadleaf and Mixed Forests,Springfield
183,181045,14.7,42.26435452,-71.7885177,0.588123329,126.3022107,0.697862022,84.89,209662.1348,84.08383942,401.0444686,8628280320.0,9.959961653,MA,HIC,MDR,Temperate Broadleaf and Mixed Forests,Worcester
184,113934,9.6,42.26373717,-83.75394402,0.512832625,42.62821515,0.624082563,71.62,81129.28285,28.05067062,345.752725,1764913536.0,10.1181035,MI,HIC,MDR,Temperate Broadleaf and Mixed Forests,Ann Arbor
185,98153,15.1,42.43812719,-83.15206612,0.509136685,2546.062839,0.673152906,66.08,3288131.603,1824.817749,554.9710199,95640805376.0,10.01090527,MI,HIC,MDR,Temperate Broadleaf and Mixed Forests,Detroit; Windsor; Warren; Dearborn
186,713777,17.1,42.43812719,-83.15206612,0.509136685,2546.062839,0.673152906,66.08,3288131.603,1824.817749,554.9710199,95640805376.0,10.01090527,MI,HIC,MDR,Temperate Broadleaf and Mixed Forests,Detroit; Windsor; Warren; Dearborn
187,102434,17.4,43.01117058,-83.70208926,0.538461385,150.5174517,0.88191169,81.88,144648.6952,102.2625198,706.9716023,3795825920.0,8.921533942,MI,HIC,MDR,Temperate Broadleaf and Mixed Forests,Flint
188,188040,13.4,42.92003525,-85.67070265,0.519235192,308.1178646,0.77869301,73.7,387107.4497,207.9600677,537.2153595,10562787328.0,9.560198069,MI,HIC,MDR,Temperate Broadleaf and Mixed Forests,Grand Rapids
189,74262,14.3,42.26263427,-85.58706421,0.565450449,102.1521403,0.868403512,81.22,111051.807,65.814888,592.6503112,3156477696.0,10.34123826,MI,HIC,MDR,Temperate Broadleaf and Mixed Forests,Kalamazoo
190,114297,13.9,42.71770037,-84.54630774,0.554303074,143.4035724,0.864500296,85.2,184746.373,94.73447418,512.7812398,5217074688.0,9.144301772,MI,HIC,MDR,Temperate Broadleaf and Mixed Forests,Lansing
191,134056,14.1,42.43812719,-83.15206612,0.509136685,2546.062839,0.673152906,66.08,3288131.603,1824.817749,554.9710199,95640805376.0,10.01090527,MI,HIC,MDR,Temperate Broadleaf and Mixed Forests,Detroit; Windsor; Warren; Dearborn
192,86265,11.2,46.75089839,-92.10353597,0.463426058,81.96254793,0.725337854,48.68,61223.45871,42.08063507,687.3286148,2043216000.0,5.476631224,MN,HIC,MDR,Temperate Broadleaf and Mixed Forests,Duluth
193,382578,10.0,44.99994671,-93.2301204,0.515649926,1287.921005,0.73132446,72.23,1733144.752,841.0752563,485.2885228,58228858880.0,8.145532727,MN,HIC,MDR,Temperate Broadleaf and Mixed Forests,Minneapolis; Saint Paul
194,106769,8.9,44.03841773,-92.48765596,0.532876295,58.04826703,0.838655315,81.49,75427.49224,36.27084351,480.8703356,2268160256.0,7.825223923,MN,HIC,MDR,"Temperate Grasslands, Savannas, and Shrublands",Rochester
195,116830,14.6,39.04474577,-94.60456837,0.551345371,1024.587968,0.859497077,82.03,1129297.081,700.8093262,620.5712722,36205817856.0,13.43281627,MO,HIC,MDR,"Temperate Grasslands, Savannas, and Shrublands",Kansas City; Overland Park; Kansas City; Olathe; Independence; Lenexa; Liberty; Raytown; Gladstone
196,459787,13.5,39.04474577,-94.60456837,0.551345371,1024.587968,0.859497077,82.03,1129297.081,700.8093262,620.5712722,36205817856.0,13.43281627,MO,HIC,MDR,"Temperate Grasslands, Savannas, and Shrublands",Kansas City; Overland Park; Kansas City; Olathe; Independence; Lenexa; Liberty; Raytown; Gladstone
197,459787,13.5,39.04474577,-94.60456837,0.551345371,1024.587968,0.859497077,82.03,1129297.081,700.8093262,620.5712722,36205817856.0,13.43281627,MO,HIC,MDR,"Temperate Grasslands, Savannas, and Shrublands",Kansas City; Overland Park; Kansas City; Olathe; Independence; Lenexa; Liberty; Raytown; Gladstone
198,79329,11.5,38.77731247,-90.61186061,0.521739986,166.5904792,0.790093087,75.6,237694.5714,103.8654785,436.9703435,6452351488.0,13.77023435,MO,HIC,MDR,"Temperate Grasslands, Savannas, and Shrublands",O'Fallon; Saint Charles; Saint Peters; Cottleville; Harvester
199,319294,14.7,38.64866335,-90.29516847,0.517504486,896.4889138,0.711100337,68.24,1100883.938,654.2601318,594.304367,36125831168.0,14.31618166,MO,HIC,MDR,"Temperate Grasslands, Savannas, and Shrublands",St. Louis
200,159498,14.8,37.18916025,-93.28521954,0.514501328,113.6025903,0.772298183,32.38,138119.6675,77.09329224,558.1630307,4257933568.0,14.42062616,MO,HIC,MDR,Temperate Broadleaf and Mixed Forests,Springfield
201,104170,11.5,45.77660028,-108.5582377,0.391378149,55.61397438,0.189350323,30.8,74175.44915,38.05581284,513.0513299,1648187264.0,8.362539172,MT,HIC,MDR,"Temperate Grasslands, Savannas, and Shrublands",Billings
202,258379,9.6,40.80322535,-96.67218054,0.494814842,157.7293255,0.724044623,68.83,237604.9881,104.6383438,440.3878246,7370101760.0,11.40356755,NE,HIC,MDR,"Temperate Grasslands, Savannas, and Shrublands",Lincoln
203,408958,10.4,41.2406688,-96.0581449,0.503718399,404.3538739,0.726123164,71.28,565017.682,270.3729858,478.5212825,18683338752.0,10.77462792,NE,HIC,MDR,"Temperate Grasslands, Savannas, and Shrublands",Omaha
204,257729,11.4,36.14443328,-115.1590734,0.185404148,875.9660143,0.006634065,32.14,2029109.785,595.7875366,293.6201585,65780297728.0,18.81853867,NV,HIC,MDR,Deserts and Xeric Shrublands,Las Vegas; Henderson; North Las Vegas
205,583756,13.2,36.14443328,-115.1590734,0.185404148,875.9660143,0.006634065,32.14,2029109.785,595.7875366,293.6201585,65780297728.0,18.81853867,NV,HIC,MDR,Deserts and Xeric Shrublands,Las Vegas; Henderson; North Las Vegas
206,216961,14.0,36.14443328,-115.1590734,0.185404148,875.9660143,0.006634065,32.14,2029109.785,595.7875366,293.6201585,65780297728.0,18.81853867,NV,HIC,MDR,Deserts and Xeric Shrublands,Las Vegas; Henderson; North Las Vegas
207,225221,13.2,39.51338106,-119.791722,0.293968936,138.564306,0.030058936,28.24,235606.7919,99.03025055,420.320016,7282853888.0,10.060992,NV,HIC,MDR,Deserts and Xeric Shrublands,Reno; Sparks
208,90264,13.2,39.51338106,-119.791722,0.293968936,138.564306,0.030058936,28.24,235606.7919,99.03025055,420.320016,7282853888.0,10.060992,NV,HIC,MDR,Deserts and Xeric Shrublands,Reno; Sparks
209,109565,13.0,42.97478202,-71.45238834,0.5022327,55.22249569,0.545373601,71.5,86270.19328,39.14253616,453.720279,2720120576.0,9.908699036,NH,HIC,MDR,Temperate Broadleaf and Mixed Forests,Manchester
210,86494,11.8,42.75541982,-71.47753248,0.544206731,42.41994086,0.713888959,80.66,59869.81174,28.20319557,471.075401,2034918528.0,9.908699036,NH,HIC,MDR,Temperate Broadleaf and Mixed Forests,Nashua
211,84913,16.2,40.22577813,-74.73161462,0.510648125,100.106049,0.548547502,73.68,202239.5181,61.18784714,302.5513891,7884996096.0,12.50093627,NJ,HIC,MDR,Temperate Broadleaf and Mixed Forests,Trenton
212,545852,11.9,35.12903763,-106.629162,0.262688979,444.3748242,0.022329213,25.33,685933.7471,333.0494385,485.5417012,20705083392.0,11.74142146,NM,HIC,MDR,Deserts and Xeric Shrublands,Albuquerque; Rio Rancho
213,97618,12.5,32.31146516,-106.7696567,0.221944245,39.94451646,0.006496867,31.85,64074.67851,27.26095009,425.4559012,1862163200.0,16.49904346,NM,HIC,MDR,Deserts and Xeric Shrublands,Las Cruces
214,87521,11.1,35.12903763,-106.629162,0.262688979,444.3748242,0.022329213,25.33,685933.7471,333.0494385,485.5417012,20705083392.0,11.74142146,NM,HIC,MDR,Deserts and Xeric Shrublands,Albuquerque; Rio Rancho
215,97856,13.6,42.68339439,-73.78828253,0.522973532,107.7760075,0.643638577,74.07,145560.2737,73.42476654,504.4286099,5510400512.0,9.621221304,NY,HIC,MDR,Temperate Broadleaf and Mixed Forests,Albany
216,261310,15.5,42.9237412,-78.81130882,0.474415575,431.8059256,0.455631874,50.71,615835.9218,296.0652161,480.7534045,24982378496.0,9.090383291,NY,HIC,MDR,Temperate Broadleaf and Mixed Forests,Buffalo
217,8175133,12.7,40.77321423,-73.88090455,0.493904612,5380.319619,0.299853443,60.95,15950674.29,3678.075928,230.5906234,675538000000.0,13.03097224,NY,HIC,MDR,Temperate Broadleaf and Mixed Forests,New York; Islip; Newark; Jersey City; Yonkers; Huntington; Paterson; Stamford; Elizabeth; New Brunswick
218,210565,16.0,43.17237234,-77.63023346,0.553536349,256.5027859,0.827774063,79.07,388315.2506,179.1115417,461.2529162,15199115264.0,9.697564363,NY,HIC,MDR,Temperate Broadleaf and Mixed Forests,Rochester
219,66135,15.3,42.79651219,-73.93488862,0.512801876,48.32530683,0.620960459,74.27,91064.14059,32.62855148,358.3029639,3022415872.0,9.621221304,NY,HIC,MDR,Temperate Broadleaf and Mixed Forests,Schenectady
220,145170,16.2,43.08028076,-76.15442227,0.556739238,198.2792214,0.844502347,79.64,253820.4312,130.3278351,513.4647138,9946572800.0,9.680646896,NY,HIC,MDR,Temperate Broadleaf and Mixed Forests,Syracuse
221,195976,12.6,40.77321423,-73.88090455,0.493904612,5380.319619,0.299853443,60.95,15950674.29,3678.075928,230.5906234,675538000000.0,13.03097224,NY,HIC,MDR,Temperate Broadleaf and Mixed Forests,New York; Islip; Newark; Jersey City; Yonkers; Huntington; Paterson; Stamford; Elizabeth; New Brunswick
222,135234,8.7,35.79585205,-78.81280832,0.582357615,71.88814289,0.906177238,98.72,101641.6989,37.97616577,373.6278141,2794765824.0,16.0485177,NC,HIC,MDR,Temperate Broadleaf and Mixed Forests,Cary
223,731424,11.5,35.19478888,-80.8479022,0.521029915,325.0180575,0.829302533,79.32,370497.0553,170.978363,461.48373,11093794816.0,16.56829786,NC,HIC,MDR,Temperate Broadleaf and Mixed Forests,Charlotte
224,228330,11.8,35.99882543,-78.90339529,0.500637891,36.83357328,0.700106778,76.17,60840.37531,21.16624451,347.8979937,1768971648.0,16.0485177,NC,HIC,MDR,Temperate Broadleaf and Mixed Forests,Durham
225,200564,12.9,35.04444052,-78.94307093,0.547435122,124.9000193,0.848518058,85.99,115034.6952,76.07680511,661.3379121,3819970048.0,16.65567017,NC,HIC,MDR,Temperate Coniferous Forests,Fayetteville
226,269666,12.5,36.06996335,-79.84098304,0.540303161,164.56015,0.845553873,75.38,167975.0284,102.608696,610.8568457,5206373376.0,15.31133246,NC,HIC,MDR,Temperate Broadleaf and Mixed Forests,Greensboro
227,84554,13.2,35.58875777,-77.36675601,0.543308724,43.30859793,0.749975393,92.11,60423.32658,28.56004334,472.6658552,1507979776.0,16.27441216,NC,HIC,MDR,Temperate Coniferous Forests,Greenville
228,403892,10.9,35.8341106,-78.64480454,0.550137388,197.1334791,0.846080998,87.39,278581.7325,106.0158539,380.5556557,8141386752.0,16.0485177,NC,HIC,MDR,Temperate Broadleaf and Mixed Forests,Raleigh
229,229617,13.2,36.09411387,-80.26062166,0.555184886,80.69450875,0.89201336,88.44,88908.1026,50.40557861,566.9402129,2658832384.0,15.03161263,NC,HIC,MDR,Temperate Broadleaf and Mixed Forests,Winston-Salem
230,105549,9.2,46.85830198,-96.82250124,0.465893654,146.0619649,0.532630143,51.9,174773.7529,107.436615,614.718247,5306786816.0,5.979493022,ND,HIC,MDR,"Temperate Grasslands, Savannas, and Shrublands",Fargo
231,199110,15.1,41.07998585,-81.49865296,0.549778468,178.0654423,0.884126273,83.7,238681.9117,130.4600372,546.5853541,7001342976.0,10.3007915,OH,HIC,MDR,Temperate Broadleaf and Mixed Forests,Akron
232,73007,16.3,40.82606344,-81.42098699,0.534539969,179.6368887,0.838766781,83.62,172935.0083,120.1896286,694.9988311,5110779904.0,10.79170465,OH,HIC,MDR,Temperate Broadleaf and Mixed Forests,Canton
233,296943,13.8,39.2369108,-84.46200196,0.513981463,645.6102065,0.746091167,73.62,764046.6174,414.3180237,542.2679903,22776684544.0,12.43175149,OH,HIC,MDR,Temperate Broadleaf and Mixed Forests,Cincinnati
234,396815,16.6,41.47505094,-81.64622338,0.508762778,951.3333665,0.661769535,65.82,1188874.549,659.6998901,554.8944508,36591910912.0,10.2801578,OH,HIC,MDR,Temperate Broadleaf and Mixed Forests,Cleveland; Parma
235,787033,13.2,40.0147868,-82.99973942,0.514367151,846.4101004,0.726531846,34.78,1138151.475,553.0723267,485.9391204,34307518464.0,10.69221854,OH,HIC,MDR,Temperate Broadleaf and Mixed Forests,Columbus
236,141527,16.6,39.70681987,-84.1833407,0.550190928,321.6879968,0.810227142,81.96,341120.0201,225.818634,661.9917352,10410842112.0,11.77290368,OH,HIC,MDR,Temperate Broadleaf and Mixed Forests,Dayton
237,81601,12.9,41.47505094,-81.64622338,0.508762778,951.3333665,0.661769535,65.82,1188874.549,659.6998901,554.8944508,36591910912.0,10.2801578,OH,HIC,MDR,Temperate Broadleaf and Mixed Forests,Cleveland; Parma
238,287208,15.4,41.67408047,-83.548263,0.486811228,216.9190451,0.644020495,54.48,248621.181,145.6971283,586.0205785,7628230144.0,10.04414821,OH,HIC,MDR,Temperate Broadleaf and Mixed Forests,Toledo
239,66982,17.1,41.0896084,-80.6664494,0.5515309,134.4288955,0.889743892,88.26,117697.5464,85.43409729,725.8783203,3228264704.0,10.18829131,OH,HIC,MDR,Temperate Broadleaf and Mixed Forests,Youngstown
240,98850,11.7,36.09653097,-95.90641721,0.470490326,397.4528171,0.534044946,49.69,442252.6908,284.9176636,644.2417864,13963030528.0,16.68291688,OK,HIC,MDR,"Temperate Grasslands, Savannas, and Shrublands",Tulsa; Broken Arrow
241,81405,10.6,35.64389225,-97.48387842,0.489551368,66.90337688,0.491448401,55.16,80983.21809,42.64066696,526.5370773,2416873472.0,16.98899078,OK,HIC,MDR,"Temperate Grasslands, Savannas, and Shrublands",Edmond
242,96867,14.0,34.61415558,-98.4360741,0.397270034,46.14491379,0.022407957,26.43,59595.52248,33.84101868,567.8449868,1835384704.0,17.70864916,OK,HIC,MDR,"Temperate Grasslands, Savannas, and Shrublands",Lawton
243,110925,12.5,35.21845401,-97.4586917,0.490197693,60.14243034,0.565580909,61.02,86091.09048,43.63303757,506.8240781,2347583488.0,17.08189726,OK,HIC,MDR,"Temperate Grasslands, Savannas, and Shrublands",Norman
244,579999,13.4,35.46309323,-97.52442303,0.461538982,549.2110706,0.43828124,37.7,616999.469,381.6270752,618.5209135,18862501888.0,17.07453918,OK,HIC,MDR,"Temperate Grasslands, Savannas, and Shrublands",Oklahoma City
245,391906,13.7,36.09653097,-95.90641721,0.470490326,397.4528171,0.534044946,49.69,442252.6908,284.9176636,644.2417864,13963030528.0,16.68291688,OK,HIC,MDR,"Temperate Grasslands, Savannas, and Shrublands",Tulsa; Broken Arrow
246,156185,14.0,44.06551711,-123.082982,0.45199236,147.8921192,0.488012849,50.21,219332.8249,103.8839264,473.6360207,5501405696.0,12.42174125,OR,HIC,MDR,Temperate Broadleaf and Mixed Forests,Eugene
247,74907,15.6,42.33705819,-122.8681372,0.425541032,70.18147117,0.244704632,43.11,91010.15165,48.87189865,536.9939261,2364281344.0,11.03830957,OR,HIC,MDR,Temperate Coniferous Forests,Medford
248,583776,12.4,45.53094903,-122.6657332,0.490659077,947.6698776,0.600466713,60.87,1655686.139,660.3669434,398.8479022,47671017472.0,11.73069286,OR,HIC,MDR,Temperate Broadleaf and Mixed Forests,Portland; Vancouver
249,154637,14.0,44.93936208,-123.0197286,0.467113494,115.3701681,0.422452195,47.43,200973.4399,81.5716095,405.8825363,5291785216.0,11.88267827,OR,HIC,MDR,Temperate Broadleaf and Mixed Forests,Salem
250,118032,15.2,40.63786583,-75.4101489,0.567023359,390.7167503,0.682672806,83.93,465504.4421,247.4901123,531.6600443,14803149824.0,10.79755092,PA,HIC,MDR,Temperate Broadleaf and Mixed Forests,Allentown; Bethlehem
251,74982,13.0,40.63786583,-75.4101489,0.567023359,390.7167503,0.682672806,83.93,465504.4421,247.4901123,531.6600443,14803149824.0,10.79755092,PA,HIC,MDR,Temperate Broadleaf and Mixed Forests,Allentown; Bethlehem
252,101786,15.0,42.10918134,-80.08950989,0.519859593,108.9931692,0.672094894,62.74,144602.835,73.32880402,507.104885,4542803456.0,9.63749671,PA,HIC,MDR,Temperate Broadleaf and Mixed Forests,Erie
253,1526006,14.6,39.90704662,-75.23605793,0.485458031,1518.748589,0.457107598,65.65,3132223.299,931.8366699,297.5000762,113843000000.0,13.26634693,PA,HIC,MDR,Temperate Broadleaf and Mixed Forests,Philadelphia; Camden; Wilmington
254,305704,12.6,40.41596736,-79.97203034,0.541747757,477.9985009,0.704561276,79.26,709250.094,301.7696228,425.477029,24754395136.0,11.11226916,PA,HIC,MDR,Temperate Broadleaf and Mixed Forests,Pittsburgh
255,88082,17.4,40.34425546,-75.94018555,0.537441062,113.4673199,0.558167682,78.86,188491.8857,78.86402893,418.3948218,6065859072.0,11.23286533,PA,HIC,MDR,Temperate Broadleaf and Mixed Forests,Reading
256,76089,14.2,41.41811815,-75.65439479,0.492101061,56.06524441,0.497606474,60.93,86408.48608,39.61164474,458.4230849,2412729856.0,9.646534204,PA,HIC,MDR,Temperate Broadleaf and Mixed Forests,Scranton
257,80387,12.8,41.78361702,-71.40117983,0.518440572,396.4908345,0.50379795,64.77,591000.8176,253.382019,428.7337877,20748038144.0,11.26427174,RI,HIC,MDR,Temperate Broadleaf and Mixed Forests,Providence; Warwick; Cranston; Pawtucket; East Providence
258,71148,15.7,41.78361702,-71.40117983,0.518440572,396.4908345,0.50379795,64.77,591000.8176,253.382019,428.7337877,20748038144.0,11.26427174,RI,HIC,MDR,Temperate Broadleaf and Mixed Forests,Providence; Warwick; Cranston; Pawtucket; East Providence
259,178042,15.4,41.78361702,-71.40117983,0.518440572,396.4908345,0.50379795,64.77,591000.8176,253.382019,428.7337877,20748038144.0,11.26427174,RI,HIC,MDR,Temperate Broadleaf and Mixed Forests,Providence; Warwick; Cranston; Pawtucket; East Providence
260,82672,12.8,41.78361702,-71.40117983,0.518440572,396.4908345,0.50379795,64.77,591000.8176,253.382019,428.7337877,20748038144.0,11.26427174,RI,HIC,MDR,Temperate Broadleaf and Mixed Forests,Providence; Warwick; Cranston; Pawtucket; East Providence
261,120083,12.0,32.86565119,-79.98865943,0.430005558,100.6390978,0.557645284,43.58,100422.0249,56.97819138,567.3873975,3068516352.0,19.38578939,SC,HIC,MDR,Temperate Coniferous Forests,Charleston
262,129272,14.5,33.99583445,-81.00894634,0.48736256,133.8410562,0.627686921,38.95,148682.8329,81.80828857,550.2201361,4302959616.0,18.31964159,SC,HIC,MDR,Temperate Coniferous Forests,Columbia
263,153888,9.3,43.53083636,-96.74012471,0.466411962,94.98603157,0.596323946,53.99,131671.841,62.37478638,473.7139383,3936965888.0,8.029265165,SD,HIC,MDR,"Temperate Grasslands, Savannas, and Shrublands",Sioux Falls
264,178874,15.7,35.98656096,-83.93195631,0.50138086,74.85004461,0.681254193,68.46,87802.3215,50.20571518,571.8039606,2545078784.0,14.48029709,TN,HIC,MDR,Temperate Broadleaf and Mixed Forests,Knoxville
265,646889,16.4,35.08824019,-89.90631547,0.510905272,409.6079487,0.80083428,71.08,468149.0271,244.4508667,522.1646368,14919441408.0,16.69794965,TN,HIC,MDR,Temperate Broadleaf and Mixed Forests,Memphis
266,108755,13.6,35.84681315,-86.38592526,0.54817257,61.54339372,0.828182346,85.03,78454.49407,37.55286026,478.6578603,2105586048.0,15.30128336,TN,HIC,MDR,Temperate Broadleaf and Mixed Forests,Murfreesboro
267,601222,14.0,36.12835685,-86.75899469,0.486570523,220.3820876,0.708180935,62.49,273128.9597,141.34758,517.5122408,8702265344.0,15.61721778,TN,HIC,MDR,Temperate Broadleaf and Mixed Forests,Nashville
268,117063,12.4,32.44159585,-99.74928252,0.412254406,70.68457034,0.122300042,27.3,82919.59411,51.61737061,622.4990747,2657803264.0,19.05827856,TX,HIC,MDR,"Temperate Grasslands, Savannas, and Shrublands",Abilene
269,190695,12.2,35.18505829,-101.8644514,0.395500289,120.9568695,0.063437853,20.52,163844.6382,96.16807556,586.9467359,4928767488.0,15.45939684,TX,HIC,MDR,"Temperate Grasslands, Savannas, and Shrublands",Amarillo
270,365438,11.5,32.8573485,-96.96526227,0.429346067,3688.379269,0.277757384,29.71,5165561.23,2600.175293,503.3674323,184655000000.0,19.27159834,TX,HIC,MDR,"Temperate Grasslands, Savannas, and Shrublands",Dallas; Fort Worth; Arlington; Plano; Garland; Frisco; Mesquite; Lewisville; Cedar Hill; Irving
271,790390,10.0,30.37163753,-97.73513149,0.450021877,603.6606213,0.415473553,37.53,1063620.667,378.5436401,355.9009821,36432879616.0,20.95482636,TX,HIC,MDR,"Temperate Grasslands, Savannas, and Shrublands",Austin; Round Rock
272,118296,12.6,30.07653098,-94.12750487,0.493682591,102.2197946,0.792438955,65.57,90254.82496,76.91969299,852.2502041,3360018944.0,20.7543416,TX,HIC,MDR,"Tropical and subtropical grasslands, savannas, and shrublands",Beaumont
273,175023,13.7,25.93178203,-97.48193727,0.421642653,77.62419578,0.261040953,62.64,152649.0179,29.13780785,190.8810699,5048832000.0,23.63418961,TX,HIC,MDR,Deserts and Xeric Shrublands,Brownsville
274,76201,12.6,30.62449294,-96.33227462,0.449058778,89.73941766,0.324798671,35.63,146758.2115,57.93495178,394.7646349,4989394944.0,20.83976984,TX,HIC,MDR,Temperate Broadleaf and Mixed Forests,College Station; Bryan
275,93857,10.6,30.62449294,-96.33227462,0.449058778,89.73941766,0.324798671,35.63,146758.2115,57.93495178,394.7646349,4989394944.0,20.83976984,TX,HIC,MDR,Temperate Broadleaf and Mixed Forests,College Station; Bryan
276,305215,11.7,27.74286947,-97.40416723,0.397215917,137.0429322,0.176293669,36.47,225223.0592,87.67313385,389.272458,7800287744.0,22.89654064,TX,HIC,MDR,"Tropical and subtropical grasslands, savannas, and shrublands",Corpus Christi
277,1197816,12.3,32.8573485,-96.96526227,0.429346067,3688.379269,0.277757384,29.71,5165561.23,2600.175293,503.3674323,184655000000.0,19.27159834,TX,HIC,MDR,"Temperate Grasslands, Savannas, and Shrublands",Dallas; Fort Worth; Arlington; Plano; Garland; Frisco; Mesquite; Lewisville; Cedar Hill; Irving
278,113383,11.3,33.18885504,-97.10710943,0.440992594,94.42519364,0.283243489,35.77,145076.4743,61.01904297,420.5991582,4381909504.0,18.8282814,TX,HIC,MDR,"Temperate Grasslands, Savannas, and Shrublands",Denton
279,741206,12.1,32.8573485,-96.96526227,0.429346067,3688.379269,0.277757384,29.71,5165561.23,2600.175293,503.3674323,184655000000.0,19.27159834,TX,HIC,MDR,"Temperate Grasslands, Savannas, and Shrublands",Dallas; Fort Worth; Arlington; Plano; Garland; Frisco; Mesquite; Lewisville; Cedar Hill; Irving
280,116989,8.1,32.8573485,-96.96526227,0.429346067,3688.379269,0.277757384,29.71,5165561.23,2600.175293,503.3674323,184655000000.0,19.27159834,TX,HIC,MDR,"Temperate Grasslands, Savannas, and Shrublands",Dallas; Fort Worth; Arlington; Plano; Garland; Frisco; Mesquite; Lewisville; Cedar Hill; Irving
281,226876,11.9,32.8573485,-96.96526227,0.429346067,3688.379269,0.277757384,29.71,5165561.23,2600.175293,503.3674323,184655000000.0,19.27159834,TX,HIC,MDR,"Temperate Grasslands, Savannas, and Shrublands",Dallas; Fort Worth; Arlington; Plano; Garland; Frisco; Mesquite; Lewisville; Cedar Hill; Irving
282,2099451,12.1,29.78137075,-95.40836967,0.475320015,3407.055384,0.525616995,47.52,4873719.74,2463.658447,505.4985881,180288000000.0,21.19856071,TX,HIC,MDR,"Tropical and subtropical grasslands, savannas, and shrublands",Houston; Pasadena; The Woodlands; Sugar Land
283,216290,11.0,32.8573485,-96.96526227,0.429346067,3688.379269,0.277757384,29.71,5165561.23,2600.175293,503.3674323,184655000000.0,19.27159834,TX,HIC,MDR,"Temperate Grasslands, Savannas, and Shrublands",Dallas; Fort Worth; Arlington; Plano; Garland; Frisco; Mesquite; Lewisville; Cedar Hill; Irving
284,127921,11.8,31.1005196,-97.72207064,0.390951572,122.4490453,0.108853819,38.12,167100.6445,76.10996246,455.4737816,5755657216.0,20.13298273,TX,HIC,MDR,"Temperate Grasslands, Savannas, and Shrublands",Killeen
285,95290,10.4,32.8573485,-96.96526227,0.429346067,3688.379269,0.277757384,29.71,5165561.23,2600.175293,503.3674323,184655000000.0,19.27159834,TX,HIC,MDR,"Temperate Grasslands, Savannas, and Shrublands",Dallas; Fort Worth; Arlington; Plano; Garland; Frisco; Mesquite; Lewisville; Cedar Hill; Irving
286,80455,12.5,32.51520838,-94.76311932,0.523559704,77.55915089,0.770991515,85.03,67199.03984,49.08626938,730.4608741,1927899520.0,18.53132534,TX,HIC,MDR,Temperate Coniferous Forests,Longview
287,229573,12.0,33.55313129,-101.8956147,0.346196557,137.6801761,0.023355677,23.12,206987.615,106.0916672,512.5507976,6929092608.0,16.68215704,TX,HIC,MDR,"Temperate Grasslands, Savannas, and Shrublands",Lubbock
288,129877,11.7,26.21684268,-98.23832951,0.406535375,153.1376481,0.129070554,38.06,262087.8916,95.37898254,363.9198361,9100404736.0,23.66337824,TX,HIC,MDR,Deserts and Xeric Shrublands,McAllen
289,139824,12.2,32.8573485,-96.96526227,0.429346067,3688.379269,0.277757384,29.71,5165561.23,2600.175293,503.3674323,184655000000.0,19.27159834,TX,HIC,MDR,"Temperate Grasslands, Savannas, and Shrublands",Dallas; Fort Worth; Arlington; Plano; Garland; Frisco; Mesquite; Lewisville; Cedar Hill; Irving
290,111147,10.7,32.00658236,-102.1149142,0.28697175,59.94295271,0.00207673,28.57,93477.85139,42.85906601,458.4943425,2686851840.0,18.87740421,TX,HIC,MDR,"Temperate Grasslands, Savannas, and Shrublands",Midland
291,99940,11.9,31.86669163,-102.3673051,0.256697608,60.06889007,0.000316191,28.02,89148.42052,43.19462967,484.5249015,2977033728.0,19.17475653,TX,HIC,MDR,"Temperate Grasslands, Savannas, and Shrublands",Odessa
292,149043,12.8,29.78137075,-95.40836967,0.475320015,3407.055384,0.525616995,47.52,4873719.74,2463.658447,505.4985881,180288000000.0,21.19856071,TX,HIC,MDR,"Tropical and subtropical grasslands, savannas, and shrublands",Houston; Pasadena; The Woodlands; Sugar Land
293,259841,8.5,32.8573485,-96.96526227,0.429346067,3688.379269,0.277757384,29.71,5165561.23,2600.175293,503.3674323,184655000000.0,19.27159834,TX,HIC,MDR,"Temperate Grasslands, Savannas, and Shrublands",Dallas; Fort Worth; Arlington; Plano; Garland; Frisco; Mesquite; Lewisville; Cedar Hill; Irving
294,99887,10.0,30.37163753,-97.73513149,0.450021877,603.6606213,0.415473553,37.53,1063620.667,378.5436401,355.9009821,36432879616.0,20.95482636,TX,HIC,MDR,"Temperate Grasslands, Savannas, and Shrublands",Austin; Round Rock
295,93200,11.9,31.4474624,-100.4627559,0.348738304,48.16498997,0.020478486,34.0,57491.16589,31.67831802,551.0119256,1817167232.0,19.3320241,TX,HIC,MDR,"Temperate Grasslands, Savannas, and Shrublands",San Angelo
296,1327407,11.4,29.49173859,-98.5206364,0.456472904,871.2531417,0.406476335,38.29,1483926.84,539.9448242,363.8621594,52666568704.0,22.21615744,TX,HIC,MDR,"Temperate Grasslands, Savannas, and Shrublands",San Antonio
297,78817,7.7,29.78137075,-95.40836967,0.475320015,3407.055384,0.525616995,47.52,4873719.74,2463.658447,505.4985881,180288000000.0,21.19856071,TX,HIC,MDR,"Tropical and subtropical grasslands, savannas, and shrublands",Houston; Pasadena; The Woodlands; Sugar Land
298,124805,13.6,31.53420835,-97.16518207,0.431377152,80.49428954,0.487617953,35.46,101897.3555,52.28194046,513.0843702,3477658880.0,19.96750736,TX,HIC,MDR,"Temperate Grasslands, Savannas, and Shrublands",Waco
299,104553,11.9,33.88567874,-98.52369179,0.420968217,72.86363979,0.191881613,31.71,70072.7107,49.85329056,711.4508638,2018302976.0,18.4047122,TX,HIC,MDR,"Temperate Grasslands, Savannas, and Shrublands",Wichita Falls
300,67311,10.6,41.08220156,-111.9861533,0.449869399,233.4179284,0.401629213,41.03,341641.6931,162.1751862,474.6937784,8827541504.0,7.90025115,UT,HIC,MDR,Deserts and Xeric Shrublands,Ogden; Layton; Roy; Clearfield; Kaysville; Syracuse; Clinton; Farmington; South Ogden
301,82825,13.4,41.08220156,-111.9861533,0.449869399,233.4179284,0.401629213,41.03,341641.6931,162.1751862,474.6937784,8827541504.0,7.90025115,UT,HIC,MDR,Deserts and Xeric Shrublands,Ogden; Layton; Roy; Clearfield; Kaysville; Syracuse; Clinton; Farmington; South Ogden
302,88328,10.9,40.31560935,-111.7210065,0.421691289,135.9614437,0.178763228,34.86,308567.99,89.23719788,289.1978454,7771781120.0,9.965675116,UT,HIC,MDR,Temperate Coniferous Forests,Provo; Orem; Lehi
303,112488,11.7,40.31560935,-111.7210065,0.421691289,135.9614437,0.178763228,34.86,308567.99,89.23719788,289.1978454,7771781120.0,9.965675116,UT,HIC,MDR,Temperate Coniferous Forests,Provo; Orem; Lehi
304,72897,11.7,37.11295658,-113.5936844,0.291537034,42.19019895,0.014769119,39.48,63363.72119,25.42089272,401.1900223,1629436928.0,12.776438,UT,HIC,MDR,Deserts and Xeric Shrublands,St. George
305,186440,11.3,40.64504711,-111.9172804,0.399214372,528.816647,0.137058956,29.11,972714.6253,375.0001221,385.5191567,25658839040.0,8.083596945,UT,HIC,MDR,Deserts and Xeric Shrublands,Salt Lake City; Sandy
306,87461,10.0,40.64504711,-111.9172804,0.399214372,528.816647,0.137058956,29.11,972714.6253,375.0001221,385.5191567,25658839040.0,8.083596945,UT,HIC,MDR,Deserts and Xeric Shrublands,Salt Lake City; Sandy
307,139966,8.9,38.9228404,-77.14196317,0.533266804,1547.463532,0.661223974,39.8,3368613.481,933.114624,277.0025797,149136000000.0,14.69545531,VA,HIC,MDR,Temperate Broadleaf and Mixed Forests,Washington D.C.; Arlington; Alexandria; Silver Spring; Bethesda
308,180719,12.3,37.06300771,-76.43003236,0.533799633,283.7420531,0.789653384,72.8,312847.9807,170.0102386,543.4276362,12559373312.0,15.20202112,VA,HIC,MDR,Temperate Coniferous Forests,Newport News
309,242803,12.3,36.84947257,-76.22371144,0.506635733,662.4702642,0.710992165,62.81,832250.0823,419.4689331,504.0178932,33734617088.0,16.09788299,VA,HIC,MDR,Temperate Coniferous Forests,Virginia Beach; Norfolk; Portsmouth
310,95535,12.8,36.84947257,-76.22371144,0.506635733,662.4702642,0.710992165,62.81,832250.0823,419.4689331,504.0178932,33734617088.0,16.09788299,VA,HIC,MDR,Temperate Coniferous Forests,Virginia Beach; Norfolk; Portsmouth
311,204214,12.7,37.56452379,-77.4744881,0.482381644,163.8989354,0.6747802,68.36,244212.0311,96.87662506,396.6906324,10224025600.0,14.68632388,VA,HIC,MDR,Temperate Broadleaf and Mixed Forests,Richmond
312,97032,13.3,37.28759881,-79.96762863,0.548671618,87.79160062,0.894720162,81.12,88556.89931,61.07666016,689.6883318,3434124544.0,14.39595938,VA,HIC,MDR,Temperate Broadleaf and Mixed Forests,Roanoke
313,437994,10.4,36.84947257,-76.22371144,0.506635733,662.4702642,0.710992165,62.81,832250.0823,419.4689331,504.0178932,33734617088.0,16.09788299,VA,HIC,MDR,Temperate Coniferous Forests,Virginia Beach; Norfolk; Portsmouth
314,122363,8.2,47.49542197,-122.2998149,0.508359878,1885.249095,0.64468727,65.06,2678205.033,1158.288696,432.4869388,87148920832.0,12.36023092,WA,HIC,MDR,Temperate Coniferous Forests,Seattle; Tacoma; Bellevue; Everett
315,80885,12.4,48.75706462,-122.4845974,0.494375497,50.96099425,0.645452437,61.06,72912.47575,28.01408577,384.2152592,2322117120.0,10.09080839,WA,HIC,MDR,Temperate Coniferous Forests,Bellingham
316,103019,12.8,47.49542197,-122.2998149,0.508359878,1885.249095,0.64468727,65.06,2678205.033,1158.288696,432.4869388,87148920832.0,12.36023092,WA,HIC,MDR,Temperate Coniferous Forests,Seattle; Tacoma; Bellevue; Everett
317,73917,13.5,46.21405863,-119.1575679,0.366254321,84.98474185,0.121987659,37.94,126972.0431,52.75180054,415.4599645,3661174016.0,12.62342,WA,HIC,MDR,Deserts and Xeric Shrublands,Kennewick; Pasco
318,608660,9.7,47.49542197,-122.2998149,0.508359878,1885.249095,0.64468727,65.06,2678205.033,1158.288696,432.4869388,87148920832.0,12.36023092,WA,HIC,MDR,Temperate Coniferous Forests,Seattle; Tacoma; Bellevue; Everett
319,208916,13.4,47.6722562,-117.3512222,0.389840466,176.3312873,0.207877982,34.42,265825.0586,115.422287,434.2039369,8364261376.0,9.256306648,WA,HIC,MDR,Temperate Coniferous Forests,Spokane
320,198397,13.1,47.49542197,-122.2998149,0.508359878,1885.249095,0.64468727,65.06,2678205.033,1158.288696,432.4869388,87148920832.0,12.36023092,WA,HIC,MDR,Temperate Coniferous Forests,Seattle; Tacoma; Bellevue; Everett
321,91067,15.0,46.59105449,-120.5384475,0.375800258,48.75987014,0.194928824,31.1,86842.37561,33.76363754,388.7921917,2236762112.0,9.776887417,WA,HIC,MDR,Deserts and Xeric Shrublands,Yakima
322,72623,10.8,44.24510788,-88.40876539,0.502497748,219.4920495,0.771206897,67.69,199014.3697,148.225708,744.7990225,5938595328.0,7.758138061,WI,HIC,MDR,Temperate Broadleaf and Mixed Forests,Appleton
323,104057,12.4,44.49016486,-88.03429356,0.492212424,163.0766679,0.797340539,68.43,166433.1691,110.5576019,664.2762527,5006926848.0,7.758138061,WI,HIC,MDR,Temperate Broadleaf and Mixed Forests,Green Bay
324,99218,12.1,42.58178106,-87.85919926,0.494644076,87.56712112,0.519397539,54.32,111795.6334,59.37284851,531.0837884,3329089024.0,8.904228568,WI,HIC,MDR,"Temperate Grasslands, Savannas, and Shrublands",Kenosha
325,233209,9.9,43.07246513,-89.40886372,0.521133,207.0978422,0.702771529,66.37,274981.5456,114.7731781,417.3850207,8401728512.0,7.996521831,WI,HIC,MDR,Temperate Broadleaf and Mixed Forests,Madison
326,594833,13.9,43.03168731,-88.0110039,0.488107477,774.6362835,0.467289879,59.09,1101829.808,545.0373535,494.6656456,34928816128.0,8.331288576,WI,HIC,MDR,Temperate Broadleaf and Mixed Forests,Milwaukee
327,78860,12.9,42.7279975,-87.82199761,0.488751182,115.5333016,0.399688559,55.85,119893.9086,71.2134552,593.9705862,4067613440.0,8.904228568,WI,HIC,MDR,"Temperate Grasslands, Savannas, and Shrublands",Racine
328,59466,11.2,41.14388031,-104.799819,0.386130207,53.84555984,0.049840471,33.19,57963.84784,36.07816315,622.4252614,2031162624.0,8.395027041,WY,HIC,MDR,"Temperate Grasslands, Savannas, and Shrublands",Cheyenne
